District ,GDP
Daxing District,80.57
Huairou District,39.24
Pinggu District,33.57
Miyun County,36.56
Yanqing County,24.17
Baodi District,69.9
Ninghe County,50.83
Jinghai County,60.45
Ji County,75.72
Jingxing County,27.41
Zhengding County,71.3
Luancheng County,47.34
Xingtang County,22.84
Lingshou County,18.51
Gaoyi County,16.73
Shenze County,15.76
Zanhuang County,11.61
Wuji County,33.74
Pingshan County,30.49
Yuanshi County,31.49
Zhao County,37.19
Xinji City,70.93
Gaocheng City,81.07
Jinzhou City,52.23
Xinle City,51.66
Luquan City,67.94
Fengnan District,92.21
Fengrun District,68.49
Luan County,47.06
Luannan County,65.96
Leting County,60.9
Qianxi County,32.21
Yutian County,64.52
Tanghai County,21.92
Zunhua City,87.73
Qian'an City,89.86
Qinglong Manchu Autonomous County,13.73
Changli County,33.97
Funing County,34.21
Lulong County,26.54
Handan County,33.01
Linzhang County,21.4
Cheng'an County,16.55
Daming County,26.25
She County,20.12
Ci County,36.79
Feixiang County,15.38
Yongnian County,43.46
Qiu County,15.12
Jize County,12.84
Guangping County,13.05
Guantao County,14.76
Wei County,27.01
Quzhou County,17.56
Wu'an City,67.91
Xingtai County,26.04
Lincheng County,10.86
Neiqiu County,17.92
Baixiang County,11.41
Longrao County,31.61
Ren County,14.44
Nanhe County,14.86
Ningjin County,36.38
Julu County,17.16
Xinhe County,7.99
Guangzong County,9.68
Pingxiang County,14.89
Wei County,22.51
Qinghe County,36.43
Linxi County,17.61
Nangong City,22.84
Shahe City,37.19
Mancheng County,24.57
Qingyuan County,24.85
Laishui County,9.32
Fuping County,7.33
Xushui County,37.79
Dingxing County,33.03
Tang County,14.78
Gaoyang County,19.78
Rongcheng County,16
Laiyuan County,9.85
Wangdu County,10.54
Anxin County,23.1
Yi County,20.89
Quyang County,18.15
Li County,42.14
Shunping County,14.14
Boye County,8.73
Xiong County,20.2
Zhuozhou City,55.51
Dingzhou City,61.53
Anguo City,29.63
Gaobeidian City,46.32
Xuanhua County,15.7
Zhangbei County,8.38
Kangbao County,6.34
Guyuan County,4.66
Shangyi County,3.67
Wei County,20
Yangyuan County,9.88
Huaian County,6.39
Wanquan County,5.73
Huailai County,20.34
Zhuolu County,13.03
Chicheng County,8.81
Chongli County,4.45
Chengde County,16.89
Xinglong County,14.66
Pingquan County,13.65
Luanping County,12.59
Longhua County,12.52
Fengning Manchu Autonomous County,14.25
Kuancheng Manchu Autonomous County,7.54
Weichang Manchu and Mongolia Autonomous County,17.65
Cang County,56.83
Qing County,30.95
Dongguang County,20.93
Haixing County,8.13
Yanshan County,16.76
Suning County,20.29
Nanpi County,15.99
Wuqiao County,17.58
Xian County,25.89
Mengcun Hui Autonomous County,9.44
Botou City,29.24
Renqiu City,70.23
Huanghua City,49.9
Hejian City,63.47
Gu'an County,28.92
Yongqing County,23
Xianghe County,37.33
Dacheng County,26.9
Wen'an County,42.79
Dachang Hui Autonomous County,18.67
Bazhou City,60.26
Sanhe City,68.21
Zaoqiang County,30.95
Wuyi County,16.6
Wuqiang County,11.72
Raoyang County,13.48
Anping County,23.65
Gucheng County,25.74
Jing County,26.45
Fucheng County,18.15
Jizhou City,32.59
Shenzhou City,39.87
Qingxu County,25.62
Yangqu County,5.34
Loufan County,2.29
Gujiao City,19.91
Yanggao County,4.02
Tianzhen County,2.82
Guangling County,3.39
Lingqiu County,3.49
Hunyuan County,7.73
Zuoyun County,6.49
Datong County,6.11
Pingding County,12.48
Yu County,11.49
Changzhi County,11.65
Xiangyuan County,14.28
Tunliu County,7.07
Pingshun County,3.5
Licheng County,7.66
Huguan County,6.5
Changzi County,8.61
Wuxiang County,4.11
Qin County,4.47
Qinyuan County,3.91
Lucheng City,15.3
Qinshui County,8.61
Yangcheng County,26.06
Lingchuan County,9.14
Zezhou County,39.8
Gaoping City,20.84
Shanyin County,11.52
Ying County,7.79
Youyu County,4.3
Huairen County,17.48
Yushe County,4.5
Zuoquan County,4.41
Heshun County,3.54
Xiyang County,6.23
Shouyang County,6.78
Taigu County,12.97
Qi County,11.11
Pingyao County,14.57
Lingshi County,14.8
Jiexiu City,24.7
Linyi County,19.79
Wanrong County,8.65
Wenxi County,18.84
Jishan County,6.24
Xinjiang County,9.2
Jiang County,6.99
Yuanqu County,7.76
Xia County,6.33
Pinglu County,4.48
Ruicheng County,9.86
Yongji City,17
Hejin City,23.73
Dingxiang County,8.35
Wutai County,4.85
Dai County,4.3
Fanshi County,5.06
Ningwu County,3.26
Jingle County,3.19
Shenchi County,2.33
Wuzhai County,2.38
Kelan County,2.1
Hequ County,3.36
Baode County,2.67
Pianguan County,2.3
Yuanping City,15.17
Quwo County,10.49
Yicheng County,11.94
Xiangfen County,17.71
Hongdong County,25.56
Gu County,4.2
Anze County,3.12
Fushan County,2.99
Ji County,2.25
Xiangning County,8.81
Daning County,1.18
Xi County,2.27
Yonghe County,1.12
Pu County,5.13
Fenxi County,2.97
Houma City,14.1
Huozhou City,14.26
Lishi District,8.6
Wenshui County,12.01
Jiaocheng County,5.81
Xing County,2.94
Lin County,5.21
Liulin County,8.58
Shilou County,1.35
Lan County,2.17
Fangshan County,1.11
Zhongyang County,5.02
Jiaokou County,4.34
Xiaoyi City,18.68
Fenyang City,16.16
Tumote Left Qi,20.17
Tuoketuo County,12.69
Helinge'er County,5.85
Qingshuihe County,7.82
Wuchuan County,7.43
Tumote Right Qi,20.86
Guyang County,10.27
Daerhan Maoming'an Union Qi,7.87
Alukeerqin Qi,6.77
Balin Left Qi,8.89
Balin Right Qi,4.9
Linxi County,9.03
Keshiketeng Qi,6.23
Wengniute Qi,13.49
Kalaqin Qi,6.85
Ningcheng County,19
Aohan Qi,14.65
Keerqin Left Yi Middle Qi,13.63
Keerqin Left Yi Back Qi,17.49
Kailu County,19.06
Kulun Qi,5.21
Naiman Qi,15.58
Zhalute Qi,14.46
Huolin'guole City,7.4
Dongsheng District,35.8
Dalate Qi,31.74
Zhunger Qi,27.69
Etuoke Front Qi,6.23
Etuoke Qi,12.78
Hangjin Qi,11.85
Wushen Qi,9.23
Yijinhuoluo Qi,16.32
Hailar District,20.01
Arong Qi,10.82
Molidawa Dawor Autonomous Qi,10.13
Elunchun Autonomous Qi,8.4
Ewenke Autonomous Qi,10.43
Chenbaerhu Qi,5.5
Xinbaerhu Left Qi,3.68
Xinbaerhu Right Qi,2.65
Manzhouli City,15.17
Yakeshi City,18.82
Zhalantun City,12.83
Eerguna City,6.73
Genhe City,11.33
Linhe District,34.5
Wuyuan County,15.01
Dengkou County,8.56
Wulate Front Qi,20.35
Wulate Middle Qi,7.31
Wulate Back Qi,4.49
Hangjin Back Qi,17.74
Jining District,19.01
Zhuozi County,6.54
Huade County,3.6
Shangdu County,9.24
Xinghe County,6.43
Liangcheng County,6.24
Chahar Right Yi Front Qi,8.37
Chahar Right Yi Middle Qi,6.94
Chahar Right Yi Back Qi,6.32
Siziwang Qi,7.39
Fengzhen City,13.4
Ulanhot City,18.98
Aershan City,2.38
Keerqin Righ Yi Front Qi,13.19
Keerqin Right Yi Middle Qi,6.67
Zhalaite Qi,13.26
Tuquan County,8.9
Erenhot City,3.02
Xilinhot City,25.17
Abaga Qi,3.34
Sunite Left Qi,2.92
Sunite Right Qi,5.56
East Wuzhumuqin Qi,7.16
West Wuzhumuqin Qi,6.85
Taipusi Qi,6.31
Xianghuang Qi,1.14
Zhengxiangbai Qi,2.66
Zhenglan Qi,3.83
Duolun County,4.06
Alashan Left Qi,8.06
Alashan Right Qi,2.15
Eji'na Qi,1.44
Liaozhong County,62.38
Kangping County,10.8
Faku County,18.35
Xinmin City,81.7
Changhai County,10.49
Wafangdian City,115.5
Pulandian City,104.67
Zhuanghe City,78.09
Taian County,36.26
Xiuyan Manchu Autonomous County,35.56
Haicheng City,175.41
Fushun County,22.62
Xinbin Manchu Autonomous County,20.71
Qingyuan Manchu Autonomous County,19.85
Benxi Manchu Autonomous County,23.06
Huanren Manchu Autonomous County,19
Kuandian Manchu Autonomous County,27.79
Donggang City,71.62
Fengcheng City,38.89
Heishan County,31.09
Yi County,18.11
Linghai City,28.47
Beizhen City,29.54
Gaizhou City,39.6
Dashiqiao City,68.75
Fuxin Mongolia Autonomous County,10
Zhangwu County,4.94
Liaoyang County,36.91
Dengta City,39.39
Dawa County,29.39
Panshan County,27.5
Tieling County,15.74
Xifeng County,9.38
Changtu County,23.79
Diaobingshan City,15.1
Kaiyuan City,22.79
Chaoyang County,9.91
Jianping County,10.54
Kalaqin Left Yi Mongolia Autonomous County,7.08
Beipiao City,10.26
Lingyuan City,17.36
Suizhong County,25.98
Jianchang County,9.22
Xingcheng City,29.83
Nong'an County,69.17
Jiutai City,35.9
Yushu City,66.64
Dehui City,58.41
Yongji County,20.39
Jiaohe City,31.19
Huadian City,43.77
Shulan City,42.96
Panshi City,39.67
Lishu County,36.59
Yitong Manchu Autonomous County,18.78
Gongzhuling City,55.6
Shuangliao City,20.55
Dongfeng County,18.83
Dongliao County,13.61
Tonghua County,13.39
Huinan County,15.09
Liuhe County,17.2
Meihekou City,39.86
Ji'an City,12.76
Fusong County,17.11
Jingyu County,4.64
Changbai Korean Autonomous County,8.1
Jiangyuan District,20.05
Linjiang City,17.72
Front Guoerluosi Mongolia County,45.44
Changling County,20.25
Qian'an County,9.53
Fuyu County,28.62
Zhenlai County,8.87
Tongyu County,9.62
Taonan City,11.11
Daan City,21.17
Yanji City,39.85
Tumen City,9.28
Dunhua City,32.77
Huichun City,12.53
Longjing City,9.84
Helong City,8.33
Wangqing County,8.76
Antu County,11.8
Hulan District,
Yilan County,16.22
Fangzheng County,14.86
Bin County,38.66
Bayan County,43.76
Mulan County,11.42
Tonghe County,10.07
Yanshou County,9.58
Acheng District,67.42
Shuangcheng City,71.47
Shangzhi City,67.54
Wuchang City,52.46
Longjiang County,17.03
Yi'an County,17.14
Tailai County,7.94
Gannan County,7.85
Fuyu County,10.83
Keshan County,13.75
Kedong County,10.13
Baiquan County,15.6
Nahe City,40.45
Jidong County,27.46
Hulin City,18.3
Mishan City,22.04
Luobei County,5.93
Suibin County,5.33
Jixian County,7.07
Youyi County,1.27
Baoqing County,8.93
Raohe County,3.17
Zhaozhou County,11.65
Zhaoyuan County,12.35
Lindian County,7
Duerbote Mongolia Autonomous County,9.76
Jiayin County,5.24
Tieli City,17.83
Hua'nan County,12.05
Huachuan County,4.29
Tangyuan County,9.32
Fuyuan County,3.59
Tongjiang City,5.99
Fujin City,19.28
Boli County,12.75
Dongning County,15.08
Linkou County,19.6
Suifenhe City,9.1
Hailin City,24.91
Ning'an City,27.53
Muleng City,26.6
Nenjiang County,12.42
Xunke County,4.42
Sunwu County,2.68
Beian City,11.44
Wudalianchi City,5.32
Wangkui County,22.15
Lanxi County,7.98
Qinggang County,10.24
Qing'an County,29.25
Mingshui County,12.03
Suileng County,22.5
Anda City,34.39
Zhaodong City,69.13
Hailun City,25.79
Huma County,3.28
Tahe County,6.7
Mohe County,8.39
Nanhui District,119.75
Fengxian District,86.09
Chongming County,53.99
Liuhe District,41.86
Jiangpu County,26.9
Lishui County,38.27
Gaochun County,37.33
Jiangyin City,328.03
Yixing City,180.82
Feng County,39.45
Pei County,61.92
Tongshan County,92.15
Suining County,36.61
Xinyi City,47.33
Pizhou City,64.66
Wujin District,233.92
Liyang City,81.27
Jintan City,63.28
Changshu City,258
Zhangjiagang City,270
Kunshan City,200.8
Wujiang City,181.2
Taicang City,156.31
Haian County,67.76
Rudong County,77.18
Qidong City,120.2
Rugao City,71.54
Tongzhou City,133.49
Haimen City,119.62
Ganyu County,61.99
Donghai County,57.31
Guanyun County,47.78
Guannan County,22.35
Lianshui County,39.76
Hongze County,18.59
Xuyi County,40.54
Jinhu County,28.53
Yandu District,69.68
Xiangshui County,20.99
Binhai County,40.71
Funing County,51.65
Sheyang County,69.52
Jianhu County,57.23
Dongtai City,93.01
Dafeng City,76.15
Baoying County,52.66
Yizheng City,60.49
Gaoyou City,54.8
Jiangdu City,97.02
Dantu District,50.05
Danyang City,138.09
Yangzhong City,57.82
Jurong City,61.31
Xinghua City,74.7
Jingjiang City,67.95
Taixing City,92.01
Jiangyan City,59.15
Suyu District,
Shuyang County,61.34
Siyang County,38.68
Sihong County,43.3
Xiaoshan District,227.91
Yuhang District,137.7
Tonglu County,53.99
Chun'an County,33.18
Jiande City,66.95
Fuyang City,101.92
Lin'an City,83.07
Yinzhou District,153.88
Xiangshan County,73.86
Ninghai County,63.76
Yuyao City,148.2
Cixi City,163.98
Fenghua City,56.6
Dongtou County,9.38
Yongjia County,65.69
Pingyang County,68.74
Cangnan County,78.45
Wencheng County,12.1
Taishun County,12.1
Ruian City,151.65
Leqing City,145.62
Jiashan County,68.3
Haiyan County,57.13
Haining City,118.89
Pinghu City,76.04
Tongxiang City,112.97
Deqing County,63.03
Changxing County,90
Anji County,60.08
Shaoxing County,185.32
Xinchang County,68.2
Zhuji City,156.91
Shangyu City,144.94
Shengzhou City,95.49
Wuyi County,28.51
Pujiang County,31.04
Pan'an County,11.34
Lanxi City,66.8
Yiwu City,119.24
Dongyang City,100.67
Yongkang City,73.94
Qujiang District,24.39
Changshan County,18.64
Kaihua County,18.35
Longyou County,25.9
Jiangshan City,35.24
Daishan County,21.77
Shengsi County,14.34
Yuhuan County,78.36
Sanmen County,22.45
Tiantai County,31.42
Xianju County,26.07
Wenling City,179.86
Linhai City,80.75
Qingtian County,17.46
Jinyun County,21.23
Suichang County,12.81
Songyang County,11.57
Yunhe County,8.59
Qingyuan County,11.01
Jingning She Autonomous County,8.16
Longquan City,16.42
Changfeng County,19.9
Feidong County,30.57
Feixi County,20.41
Wuhu County,18.55
Fanchang County,20.67
Nanling County,18.45
Huaiyuan County,38.62
Wuhe County,23.61
Guzhen County,22.77
Fengtai County,27.53
Dangtu County,25.65
Suixi County,30.37
Tongling County,15.58
Huaining County,29.12
Zongyang County,24.91
Qianshan County,19.58
Taihu County,16.87
Susong County,19.81
Wangjiang County,14.54
Yuexi County,10.94
Tongcheng City,35.75
She County,22.38
Xiuning County,11.28
Yi County,3.87
Qimen County,8.88
Laian County,27.4
Quanjiao County,32.13
Dingyuan County,38.44
Fengyang County,33.81
Tianchang City,40.9
Mingguang City,35.79
Linquan County,30.89
Taihe County,33.54
Fu'nan County,25.41
Yingshang County,30.18
Jieshou City,28.54
Dangshan County,28.01
Xiao County,31.43
Lingbi County,31.26
Si County,23.43
Lujiang County,27.36
Wuwei County,43.69
Hanshan County,17.83
He County,20.41
Shou County,29.11
Huoqiu County,29.95
Shucheng County,25.52
Jinzhai County,15.6
Huoshan County,16.43
Guoyang County,37.72
Mengcheng County,38.3
Lixin County,26.18
Dongzhi County,17.99
Shitai County,2.4
Qingyang County,9.88
Langxi County,12.11
Guangde County,26.07
Jing County,19.42
Jixi County,9.22
Jingde County,6.1
Ningguo City,33.17
Minhou County,67.43
Lianjiang County,70.77
Luoyuan County,31.55
Minqing County,34.92
Yongtai County,23.44
Pingtan County,30.98
Fuqing City,196.59
Changle City,83.48
Putian County,
Xianyou County,45
Mingxi County,9.25
Qingliu County,8.76
Ninghua County,15.1
Datian County,20.56
Youxi County,30.12
Sha County,25.07
Jiangle County,15.76
Taining County,13.93
Jianning County,10.57
Yongan City,51.62
Huian County,124.13
Anxi County,77.48
Yongchun County,53.56
Dehua County,34.52
Shishi City,94.19
Jinjiang City,279.49
Nan'an City,183.17
Yunxiao County,32.54
Zhangpu County,67.1
Zhaoan County,40.4
Changtai County,24.87
Dongshan County,34.22
Nanjing County,40.92
Pinghe County,34.24
Huaan County,12.76
Longhai City,95.18
Shunchang County,18.18
Pucheng County,15.21
Guangze County,9.42
Songxi County,9.34
Zhenghe County,7.64
Shaowu City,32.31
Wuyishan City,17.35
Jian'ou City,35.58
Jianyang City,22.95
Changting County,20.85
Yongding County,30.99
Shanghang County,25.12
Wuping County,19.36
Liancheng County,19.53
Zhangping City,29.63
Xiapu County,34.01
Gutian County,26.19
Pingnan County,9.74
Shouning County,12.35
Zhouning County,8.78
Zherong County,7.29
Fuan City,45.52
Fuding City,36.88
Nanchang County,59.82
Xinjian County,30.38
Anyi County,9.66
Jinxian County,25.51
Fuliang County,12.43
Leping City,34.67
Lianhua County,6.94
Shangli County,11.13
Luxi County,9.22
Jiujiang County,8.36
Wuning County,12.44
Xiushui County,17.54
Yongxiu County,13.57
Dean County,6.65
Xingzi County,4.71
Duchang County,8.36
Hukou County,6.84
Pengze County,8.59
Ruichang City,11.57
Fenyi County,12.57
Yujiang County,8.48
Guixi City,31.57
Gan County,13.37
Xinfeng County,20.73
Dayu County,14.01
Shangyou County,8.44
Chongyi County,8.94
Anyuan County,8.45
Longnan County,9.16
Dingnan County,6.09
Quannan County,8.27
Ningdu County,20.99
Yudu County,18.31
Xingguo County,16.09
Huichang County,10.71
Xunwu County,7.43
Shicheng County,8.8
Ruijin City,17.19
Nankang City,20.73
Ji'an County,18.62
Jishui County,12.16
Xiajiang County,5.79
Xin'gan County,11.47
Yongfeng County,12.6
Taihe County,21.56
Suichuan County,12.47
Wan'an County,6.92
Anfu County,15.8
Yongxin County,9.62
Jinggangshan City,6.48
Fengxin County,12.28
Wanzai County,13.7
Shanggao County,17.5
Yifeng County,11.46
Jing'an County,6.26
Tonggu County,6.77
Fengcheng City,41.62
Zhangshu City,19.32
Gaoan City,25.52
Nancheng County,11.8
Lichuan County,5.87
Nanfeng County,10.6
Chongren County,12.04
Lean County,8.93
Yihuang County,6.01
Jinxi County,6.88
Zixi County,3.75
Dongxiang County,16.26
Guangchang County,4.06
Shangrao County,14.14
Guangfeng County,30.1
Yushan County,11.75
Qianshan County,12.6
Hengfeng County,4.7
Yiyang County,9.04
Yugan County,11.22
Poyang County,20.75
Wannian County,11.21
Wuyuan County,10.75
Dexing City,20.83
Ninggang County,2.52
Changqing District,60.86
Pingyin County,44.74
Jiyang County,35.17
Shanghe County,42.12
Zhangqiu City,111.5
Jiaozhou City,103.3
Jimo City,109.81
Pingdu City,118.48
Jiaonan City,108.8
Laixi City,80.47
Huantai County,61.11
Gaoqing County,18.65
Yiyuan County,25.42
Tengzhou City,110.51
Kenli County,18.13
Lijin County,22.02
Guangrao County,45.62
Changdao County,10.26
Longkou City,123.81
Laiyang City,70.43
Laizhou City,121.33
Penglai City,72
Zhaoyuan City,84.52
Qixia City,52.04
Haiyang City,44.49
Linqu County,45
Changle County,32.04
Qingzhou City,70.21
Zhucheng City,87.43
Shouguang City,102.25
Anqiu City,79
Gaomi City,58.51
Changyi City,56.99
Weishan County,36.91
Yutai County,24.5
Jinxiang County,36.22
Jiaxiang County,25.82
Wenshang County,26.38
Sishui County,34.91
Liangshan County,29.1
Qufu City,63.66
Yanzhou City,83.2
Zoucheng City,120.23
Ningyang County,37.7
Dongping County,34.04
Xintai City,86.74
Feicheng City,78.18
Wendeng City,151.45
Rongcheng City,175.5
Rushan City,85.01
Wulian County,37
Ju County,59.52
Yi'nan County,36.37
Tancheng County,48.44
Yishui County,55.15
Cangshan County,47.65
Fei County,44.22
Pingyi County,47.3
Ju'nan County,45.82
Mengyin County,30.01
Linshu County,30.46
Ling County,29.32
Ningjin County,31.46
Qingyun County,10.93
Linyi County,32.25
Qihe County,31.81
Pingyuan County,27.89
Xiajin County,22.06
Wucheng County,25.78
Leling City,32.12
Yucheng City,34.07
Yanggu County,34.34
Shen County,34.07
Chiping County,26.69
Dong'e County,17.71
Guan County,27.21
Gaotang County,31.86
Linqing City,33.45
Huimin County,33.59
Yangxin County,23.67
Wudi County,31.36
Zhanhua County,23.26
Boxing County,36.6
Zouping County,59.96
Cao County,26.53
Shan County,28.83
Chengwu County,17.13
Juye County,17.89
Yuncheng County,25.66
Juancheng County,14.14
Dingtao County,16.95
Dongming County,19.36
Zhongmu County,39.71
Gongyi City,98.24
Xingyang City,68.67
Xinmi City,63.78
Xinzheng City,76.6
Dengfeng City,47.21
Qi County,38.25
Tongxu County,27.37
Weishi County,36.73
Kaifeng County,32.3
Lankao County,30.48
Mengjin County,18.15
Xin'an County,34.85
Luanchuan County,11.76
Song County,11.65
Ruyang County,11.36
Yiyang County,15.19
Luoning County,12.85
Yichuan County,27.18
Yanshi City,80.47
Baofeng County,30.74
Ye County,27.47
Lushan County,19.13
Jia County,21.65
Wugang City,14.55
Ruzhou City,60.2
Anyang County,37.27
Tangyin County,19.48
Hua County,31.28
Neihuang County,25.04
Linzhou City,42.59
Jun County,22.75
Qi County,20.71
Xinxiang County,35.94
Huojia County,20.22
Yuanyang County,21.95
Yanjin County,15.44
Fengqiu County,19.52
Changyuan County,27.68
Weihui City,22.21
Huixian City,43.58
Xiuwu County,16.04
Boai County,29.48
Wuzhi County,29.05
Wen County,26.13
Jiyuan City,59.42
Qinyang City,39.01
Mengzhou City,22.77
Qingfeng County,25.24
Nanle County,17.44
Fan County,15.8
Taiqian County,9.85
Puyang County,29.31
Xuchang County,45.1
Yanling County,33.72
Xiangcheng County,28.84
Yuzhou City,75.19
Changge City,68.06
Yancheng District,57.39
Wuyang County,21.62
Linying County,43.89
Mianchi County,25.62
Shan County,22.54
Lushi County,11.26
Yima City,11.05
Lingbao City,66.59
Nanzhao County,28.4
Fangcheng County,29.29
Xixia County,23.15
Zhenping County,62.77
Neixiang County,28.03
Xichuan County,28.24
Sheqi County,18.6
Tanghe County,47.85
Xinye County,40.88
Tongbai County,20.22
Dengzhou City,63.75
Minquan County,26.32
Sui County,27.01
Ningling County,20.02
Zhecheng County,25.92
Yucheng County,29.03
Xiayi County,30.74
Yongcheng City,51.27
Luoshan County,24.53
Guangshan County,22.81
Xin County,14.61
Shangcheng County,20.9
Gushi County,40.66
Huangchuan County,29.73
Huaibin County,15.89
Xi County,20.73
Fugou County,24.11
Xihua County,33.27
Shangshui County,25.47
Shenqiu County,28.55
Dancheng County,29.45
Huaiyang County,36.75
Taikang County,37.57
Luyi County,40.84
Xiangcheng City,58.44
Xiping County,39.32
Shangcai County,29.62
Pingyu County,21.9
Zhengyang County,24.23
Queshan County,22.61
Biyang County,26.89
Ru'nan County,25.63
Suiping County,25.66
Xincai County,25.28
Yangxin County,41.44
Daye City,61.02
Yun County,15.12
Yunxi County,8.35
Zhushan County,8.21
Zhuxi County,6.56
Fang County,10.23
Danjiangkou City,38.22
Yiling District,82.69
Yuan'an County,13.68
Xingshan County,10.78
Zigui County,16.61
Changyang Tujia Autonomous County,23.76
Wufeng Tujia Autonomous County,9.28
Yidu City,30.03
Dangyang City,61.53
Zhijiang City,37.6
Xiangyang District,95.49
Nanzhang County,20.02
Gucheng County,20.4
Baokang County,11.05
Laohekou City,57.2
Zaoyang City,89.32
Yicheng City,26.45
Jingshan County,39.49
Shayang County,33.13
Zhongxiang City,68.35
Xiaochang County,22.65
Dawu County,27.1
Yunmeng County,31.86
Yingcheng City,60.82
Anlu City,26.53
Hanchuan City,73.4
Gong'an County,40.1
Jianli County,41.75
Jiangling County,12.29
Shishou City,43.76
Honghu City,45.19
Songzi City,41.44
Tuanfeng County,8.93
Hong'an County,32.2
Luotian County,22.41
Yingshan County,17.89
Xishui County,36.9
Qichun County,35.7
Huangmei County,37.93
Macheng City,52.92
Wuxue City,43.84
Jiayu County,21.61
Tongcheng County,14.07
Chongyang County,15.38
Tongshan County,10.47
Chibi City,41.59
Guangshui City,35.16
Enshi City,28.27
Lichuan City,19.56
Jianshi County,16.3
Badong County,15.68
Xuan'en County,10.12
Xianfeng County,12.62
Laifeng County,10.6
Hefeng County,7.82
Xiantao City,113.08
Qianjiang City,84.12
Tianmen City,87.49
Shennongjia Forestry District,2.79
Changsha County,87.73
Wangcheng County,49.43
Ningxiang County,61.73
Liuyang City,67.36
Zhuzhou County,24.15
You County,46.26
Chaling County,19.95
Yanling County,7.88
Liling City,55.55
Xiangtan County,50.9
Xiangxiang City,48.43
Shaoshan City,7.38
Hengyang County,44.89
Hengnan County,51.57
Hengshan County,18.93
Hengdong County,29.67
Qidong County,43.75
Leiyang City,55.83
Changning City,40.82
Shaodong County,74.38
Xinshao County,22.22
Shaoyang County,21.4
Longhui County,28.15
Dongkou County,28.64
Suining County,17.61
Xinning County,15.45
Chengbu Miao Autonomous County,6.04
Wugang City,24.97
Yueyang County,32.92
Huarong County,39.17
Xiangyin County,34.34
Pingjiang County,28.24
Miluo City,35.48
Linxiang City,20.1
Anxiang County,23.79
Hanshou County,30.66
Li County,40.82
Linli County,27.44
Taoyuan County,59.4
Shimen County,28.02
Jinshi City,12.53
Cili County,19.1
Sangzhi County,7.04
Nan County,23.88
Taojiang County,21.72
Anhua County,28.83
Yuanjiang City,34.59
Guiyang County,36.22
Yizhang County,24.77
Yongxing County,29.88
Jiahe County,16.67
Linwu County,14.65
Rucheng County,13.04
Guidong County,4.27
Anren County,13.64
Zixing City,31.9
Qiyang County,40.27
Dong'an County,29.35
Shuangpai County,7.31
Dao County,29.18
Jiangyong County,10.08
Ningyuan County,23.18
Lanshan County,11.84
Xintian County,10.52
Jianghua Yao Autonomous County,12.14
Zhongfang County,11.94
Yuanling County,26.51
Chenxi County,12.06
Xupu County,26.96
Huitong County,14.12
Mayang Miao Autonomous County,9.13
Xinhuang Dong Autonomous County,8.37
Zhijiang Dong Autonomous County,12.33
Jingzhou Miao and Dong Autonomous County,12.85
Tongdao Dong Autonomous County,5.56
Hongjiang City,18.44
Shuangfeng County,32.79
Xinhua County,25.65
Lengshuijiang City,28.73
Lianyuan City,32.35
Jishou City,17.43
Luxi County,5.79
Fenghuang County,7.62
Huayuan County,5.97
Baojing County,5.58
Guzhang County,2.61
Yongshun County,8.77
Longshan County,12.12
Zengcheng City,141.61
Conghua City,69.34
Qujiang District,23.61
Shixing County,10.29
Renhua County,11.9
Wengyuan County,13.84
Ruyuan Yao Autonomous County,8.69
Xinfeng County,9.44
Lechang City,19.1
Nanxiong City,21.51
Doumen District,45.89
Chaoyang District,168.56
Chenghai District,76.8
Nan'ao County,5.41
Nanhai District,341.77
Shunde District,332.02
Sanshui District,76.09
Gaoming District,57.29
Xinhui District,112.32
Taishan City,108.8
Kaiping City,85.62
Heshan City,63.92
Enping City,42.12
Suixi County,45.11
Xuwen County,27.72
Lianjiang City,58.66
Leizhou City,48.23
Wuchuan City,28.55
Dianbai County,101.64
Gaozhou City,97.73
Huazhou City,91.71
Xinyi City,77.94
Guangning County,30.7
Huaiji County,45.95
Fengkai County,30.96
Deqing County,30.81
Gaoyao City,110.94
Sihui City,57.79
Huiyang District,114.36
Boluo County,82.2
Huidong County,89.08
Longmen County,18.2
Mei County,36.84
Dapu County,15.99
Fengshun County,17.62
Wuhua County,23.28
Pingyuan County,10.54
Jiaoling County,14.84
Xingning City,34.99
Haifeng County,66.69
Luhe County,12.62
Lufeng City,37.3
Zijin County,19.32
Longchuan County,24.89
Lianping County,13.29
Heping County,11.09
Dongyuan County,12.16
Yangxi County,25.12
Yangdong County,32.65
Yangchun City,43.74
Fogang County,11.8
Yangshan County,16.48
Lianshan Zhuang and Yao Autonomous County,4.02
Liannan Yao Autonomous County,4.13
Qingxin County,22.72
Yingde City,32.07
Lianzhou City,19.15
Chaoan County,88.24
Raoping County,61.87
Jiedong County,99.82
Jiexi County,41.84
Huilai County,46.76
Puning City,137.73
Xinxing County,30.97
Yu'nan County,24.73
Yun'an County,15.78
Luoding City,66.67
Yongning District,41.17
Wuming County,37.91
Longan County,9.08
Mashan County,8.9
Shanglin County,10.56
Binyang County,23.26
Heng County,31.84
Liujiang County,24.06
Liucheng County,17.43
Luzhai County,20.65
Rongan County,11.55
Rongshui Miao Autonomous County,8.38
Sanjiang Dong Autonomous County,6.17
Yangshuo County,9.81
Lingui County,16.85
Lingchuan County,20.24
Quanzhou County,37.85
Xing'an County,22.29
Yongfu County,12.59
Guanyang County,8.97
Longsheng Gezu Autonomous County,7.19
Ziyuan County,5.79
Pingle County,20.23
Lipu County,21.05
Gongcheng Yao Autonomous County,13.32
Cangwu County,21.52
Teng County,25.76
Mengshan County,7.15
Cenxi City,21.07
Hepu County,45.6
Shangsi County,10.34
Dongxing City,12.07
Lingshan County,40.33
Pubei County,28.34
Pingnan County,25.93
Guiping City,30.57
Rong County,26.48
Luchuan County,26.6
Bobai County,44.59
Xingye County,18.29
Beiliu City,39.6
Youjiang District,43.79
Tianyang County,15.19
Tiandong County,17.16
Pingguo County,18.93
Debao County,8.66
Jingxi County,12.2
Napo County,2.94
Lingyun County,3.98
Leye County,2.22
Tianlin County,5.93
Xilin County,3.32
Longlin Gezu Autonomous County,6.07
Babu District,43.79
Zhaoping County,14.95
Zhongshan County,24.34
Fuchuan Yao Autonomous County,11.46
Jinchengjiang District,25.23
Nandan County,21.81
Tian'e County,3.96
Fengshan County,3.07
Donglan County,4.58
Luocheng Mulao Autonomous County,9.38
Huanjiang Maonan Autonomous County,12.76
Bama Yao Autonomous County,5.75
Duan Yao Autonomous County,9.78
Dahua Yao Autonomous County,15.14
Yizhou City,36.95
Xingbin District,43.48
Xincheng County,9.19
Xiangzhou County,12.65
Wuxuan County,13.63
Jinxiu Yao Autonomous County,4.07
Heshan City,5.34
Jiangzhou District,15.94
Fusui County,15.7
Ningming County,14.77
Longzhou County,10.38
Daxin County,9.52
Tiandeng County,8.1
Pingxiang City,9.39
Hezhou City,
Baise City,
Hechi City,
Wuzhishan City,5.74
Qionghai City,41.64
Danzhou City,56.18
Wenchang City,34.43
Wanning City,28.01
Dongfang City,20.09
Dingan County,8.97
Tunchang County,11.34
Chengmai County,22.8
Lingao County,17.19
Baisha Li Autonomous County,6.73
Changjiang Li Autonomous County,13.8
Ledong Li Autonomous County,19.02
Lingshui Li Autonomous County,11.74
Baoting Li and Miao Autonomous County,5.19
Qiongzhong Li and Miao Autonomous County,8.23
Changshou District,49.87
Qijiang County,35.09
Tongnan County,32.01
Tongliang County,40.01
Dazu County,38.3
Rongchang County,32.05
Bishan County,30.16
Liangping County,23.61
Chengkou County,4.36
Fengdu County,20.82
Dianjiang County,25.75
Wulong County,13.73
Zhong County,22.88
Kai County,38.45
Yunyang County,22.61
Fengjie County,22.14
Wushan County,12.21
Wuxi County,8.1
Shizhu Tujia Autonomous County,12.14
Xiushan Tujia and Miao Autonomous County,12.74
Youyang Tujia and Miao Autonomous County,11.34
Pengshui Miao and Tujia Autonomous County,13.55
Jiangjin District,80.15
Hechuan District,77.7
Yongchuan District,57.7
Nanchuan District,31.49
Xindu District,65.12
Wenjiang District,36.21
Jintang County,56.35
Shuangliu County,99.33
Pi County,61.33
Dayi County,44.91
Pujiang County,19.62
Xinjin County,26.5
Dujiangyan City,53.88
Pengzhou City,61.73
Qionglai City,56.72
Chongzhou City,61.42
Rong County,26.17
Fushun County,35.14
Miyi County,8.71
Yanbian County,12.47
Lu County,30.66
Hejiang County,25.21
Xuyong County,13.65
Gulin County,13.99
Zhongjiang County,48.03
Luojiang County,11.01
Guanghan City,47.52
Shifang City,51.01
Mianzhu City,51.42
Santai County,47.3
Yanting County,19.91
An County,21.67
Zitong County,13.87
Beichuan County,5.05
Pingwu County,5.18
Jiangyou City,65.69
Wangcang County,14.66
Qingchuan County,6.4
Jiange County,14.24
Cangxi County,15.97
Pengxi County,16.22
Shehong County,41.63
Daying County,14.01
Weiyuan County,29.66
Zizhong County,31.39
Longchang County,28.91
Jianwei County,16.85
Jingyan County,11.67
Jiajiang County,15.63
Muchuan County,9.48
Ebian Yi Autonomous County,5.2
Mabian Yi Autonomous County,3.38
Emeishan City,23.59
Nanbu County,35.02
Yingshan County,16.24
Peng'an County,16.19
Yilong County,15.14
Xichong County,12.04
Langzhong City,20.19
Renshou County,42.16
Pengshan County,17.85
Hongya County,10.97
Danleng County,5.22
Qingshen County,7.92
Yibin County,31.38
Nanxi County,11.68
Jiang'an County,12.14
Changning County,14.06
Gao County,12.21
Gong County,11.25
Junlian County,8.53
Xingwen County,9.08
Pingshan County,6.79
Yuechi County,25.61
Wusheng County,22.01
Linshui County,24.4
Huaying City,20.71
Da County,36.88
Xuanhan County,28.62
Kaijiang County,15.59
Dazhu County,40.32
Qu County,28.43
Wanyuan City,13.61
Mingshan County,8.55
Yingjing County,9.02
Hanyuan County,9.93
Shimian County,9.36
Tianquan County,9.08
Lushan County,4.85
Baoxing County,4.73
Tongjiang County,14.7
Nanjiang County,14.51
Pingchang County,17.1
Anyue County,32.01
Lezhi County,22.59
Jianyang City,44.77
Wenchuan County,9.95
Li County,2.19
Mao County,3.31
Songpan County,2.46
Jiuzhaigou County,4.32
Jinchuan County,1.25
Xiaojin County,1.53
Heishui County,1.23
Maerkang County,2.88
Rangtang County,1
Aba County,1.68
Ruoergai County,2.18
Hongyuan County,1.59
Kangding County,8.07
Luding County,1.91
Danba County,1.1
Jiulong County,1.12
Yajiang County,0.67
Daofu County,1.07
Luhuo County,0.8
Ganzi County,1.19
Xinlong County,0.97
Dege County,1.12
Baiyu County,0.83
Shiqu County,1.04
Seda County,0.75
Litang County,1.04
Batang County,0.99
Xiangcheng County,0.67
Daocheng County,0.62
Derong County,0.52
Xichang City,41.7
Muli Zang Autonomous County,2.27
Yanyuan County,5.56
Dechang County,7.11
Huili County,19.69
Huidong County,13.86
Ningnan County,6.4
Puge County,3.3
Butuo County,2.5
Jinyang County,2.7
Zhaojue County,3.6
Xide County,3.49
Mianning County,10.92
Yuexi County,5.07
Ganluo County,6.75
Meigu County,2.65
Leibo County,4.4
Kaiyang County,14.49
Xifeng County,7.51
Xiuwen County,9.36
Qingzhen City,25.35
Liuzhi Special District,10.52
Shuicheng County,8.84
Pan County,28.93
Zunyi County,54.54
Tongzi County,15.66
Suiyang County,11.93
Zheng'an County,10.46
Daozhen Gelao and Miao Autonomous County,5.95
Wuchuan Gelao and Miao Autonomous County,5.87
Fenggang County,7.83
Meitan County,15.36
Yuqing County,7.92
Xishui County,11.44
Chishui City,11.62
Renhuai City,20.63
Pingba County,11.14
Puding County,7.6
Zhenning Buyi and Miao Autonomous County,6.39
Guanling Buyi and Miao Autonomous County,4.37
Ziyun Miao and Buyi Autonomous County,3.9
Tongren City,9.93
Jiangkou County,3.25
Yuping Dong Autonomous County,4.55
Shiqian County,4.32
Sinan County,10.75
Yinjiang Tujia and Miao Autonomous County,6.15
Dejiang County,9.03
Yanhe Tujia Autonomous County,6.79
Songtao Miao Autonomous County,7.98
Wanshan Special District,1.05
Xingyi City,27.31
Xingren County,6.27
Puan County,3.24
Qinglong County,3.51
Zhenfeng County,4.13
Wangmo County,4.5
Ceheng County,2.72
Anlong County,8.45
Bijie City,30.26
Dafang County,15.13
Qianxi County,14.62
Jinsha County,15.6
Zhijin County,13.34
Nayong County,9.75
"Weining Yi, Hui and Miao Autonomous County",17.49
Hezhang County,9.95
Kaili City,20.75
Huangping County,4.23
Shibing County,2.73
Sansui County,3.49
Zhenyuan County,7.15
Cengong County,2.96
Tianzhu County,5.88
Jinping County,3.08
Jianhe County,3.09
Taijiang County,2.03
Liping County,6.69
Rongjiang County,4.96
Congjiang County,3.79
Leishan County,1.7
Majiang County,3.55
Danzhai County,2.27
Duyun City,16.71
Fuquan City,14.58
Libo County,4.6
Guiding County,15.52
Weng'an County,11.47
Dushan County,6.21
Pingtang County,3.91
Luodian County,7.82
Changshun County,3.79
Longli County,7.35
Huishui County,9.07
Sandu Shui Autonomous County,4.13
Chenggong County,14.4
Jinning County,17.23
Fumin County,5.3
Yiliang County,28.54
Shilin Yi Autonomous County,10.01
Songming County,11.32
Luquan Yi and Miao Autonomous County,9.99
Xundian Hui and Yi Autonomous County,9.5
Anning City,36.08
Malong County,4.44
Luliang County,20.42
Shizong County,10.19
Luoping County,19.43
Fuyuan County,20.23
Huize County,19.45
Zhanyi County,16.58
Xuanwei City,29.49
Jiangchuan County,12.24
Chengjiang County,7.28
Tonghai County,15.84
Huaning County,8.5
Yimen County,9.42
Eshan Yi Autonomous County,7.51
Xinping Yi and Dai Autonomous County,6.96
"Yuanjiang Hani, Yi and Dai Autonomous County",7.69
Shidian County,7.77
Tengchong County,17.18
Longling County,7.16
Changning County,9.13
Zhaoyang District,40.36
Ludian County,4.41
Qiaojia County,6.63
Yanjin County,5.6
Daguan County,4.73
Yongshan County,5.7
Suijiang County,1.78
Zhenxiong County,11.89
Yiliang County,5.99
Weixin County,4.35
Shuifu County,6.21
Yulong Naxi Autonomous County,13.88
Yong Sheng County,8.09
Huaping County,5.4
Ninglang Yi Autonomous County,3.44
Simao District,8.03
Ning'er Hani and Yi Autonomous County,6.24
Mojiang Hani Autonomous County,4.95
Jingdong Yi Autonomous County,8.3
Jinggu Dai and Yi Autonomous County,8.47
"Zhenyuan Yi, Hani and Lahu Autonomous County",3.57
Jiancheng Hani and Yi Autonomous County,2.48
"Menglian Dai, Lahu and Wa Autonomous County",2.22
Lancang Lahu Autonomous County,5.69
Ximeng Wa Autonomous County,0.96
Linxiang District,7
Fengqing County,7.47
Yun County,14.21
Yongde County,5.16
Zhenkang County,3.47
"Shuangjiang Lahu, Wa, Bulang and Dai Autonomous County",3.05
Gengma Dai and Wa Autonomous County,8.59
Cangyuan Wa Autonomous County,3.78
Chuxiong City,40.11
Shuangbai County,3.44
Mouding County,5.47
Nanhua County,5.74
Yaoan County,6.3
Dayao County,8.42
Yongren County,3.2
Yuanmou County,6.14
Wuding County,6.45
Lufeng County,22.66
Gejiu City,25.61
Kaiyuan City,20.43
Mengzi County,10.51
Pingbian Miao Autonomous County,2.95
Jianshui County,15.2
Shiping County,8.88
Mile County,31.91
Luxi County,9.01
Yuanyang County,5.31
Honghe County,4.2
"Jinping Miao, Yao and Dai Autonomous County",3.83
Lvchun County,1.96
Hekou Yao Autonomous County,3.88
Wenshan County,15.25
Yanshan County,8.01
Xichou County,4.06
Malipo County,5.97
Maguan County,6.66
Qiubei County,5.85
Guangnan County,10.18
Funing County,7.49
Jinghong City,24.8
Menghai County,8.24
Mengla County,11.13
Dali City,55.33
Yangbi Yi Autonomous County,2.27
Xiangyun County,13.83
Binchuan County,14.74
Midu County,6.72
Nanjian Yi Autonomous County,5.28
Weishan Yi and Hui Autonomous County,7.91
Yongping County,6.11
Yunlong County,4.64
Eryuan County,7.6
Jianchuan County,3.78
Heqing County,6.07
Ruili City,8.01
Luxi City,12.72
Lianghe County,2.85
Yingjiang County,7.98
Longchuan County,5.13
Lushui County,3.87
Fugong County,1.38
Gongshan Dulong and Nu Autonomous County,0.95
Lanping Bai and Pumi Autonomous County,4.67
Xianggelila County,4.03
Deqin County,1.09
Weixi Lisu Autonomous County,2.92
Linzhou County,2.03
Dangxiong County,1.67
Nimu County,0.87
Qushui County,0.86
Duilongdeqing County,1.73
Dazi County,0.84
Mozhugongka County,1.11
Changdu County,2.36
Jiangda County,1.32
Gongjue County,0.97
Leiwuqi County,1.68
Dingqing County,2.15
Chaya County,1.08
Basu County,0.61
Zuogong County,0.93
Mangkang County,2.74
Luolong County,0.95
Bianba County,1.01
Naidong County,0.44
Zha'nang County,0.72
Gongga County,1.31
Sangri County,0.63
Qiongjie County,0.45
Qusong County,0.13
Cuomei County,0.16
Luozha County,0.16
Jiacha County,0.53
Longzi County,0.37
Cuona County,0.04
Langkazi County,0.38
Xigaze City,3.53
Nanmulin County,1.03
Jiangzi County,2.72
Dingri County,0.94
Sajia County,0.73
Lazi County,1.12
Angren County,0.98
Xietongmen County,0.83
Bailang County,1.09
Renbu County,0.59
Kangma County,0.45
Dingjie County,0.48
Zhongba County,0.6
Yadong County,0.68
Jilong County,0.48
Nielamu County,0.69
Saga County,0.39
Gangba County,0.33
Naqu County,1.31
Jiali County,0.25
Biru County,0.91
Nierong County,0.48
Anduo County,0.66
Shenzha County,0.91
Suo County,0.57
Ban'ge County,0.42
Baqing County,0.86
Nima County,1.28
Pulan County,0.32
Zhada County,0.32
Ge'er County,0.3
Ritu County,0.49
Geji County,0.3
Gaize County,0.53
Cuoqin County,0.27
Linzhi County,0.39
Gongbujiangda County,0.93
Milin County,0.36
Motuo County,0.34
Bomi County,1.38
Chayu County,0.86
Lang County,0.57
Chang'an District,26.48
Lantian County,17.73
Zhouzhi County,15.64
Hu County,19
Gaoling County,8.76
Yaozhou District,7.87
Yijun County,1.67
Chencang District,20.33
Fengxiang County,17.82
Qishan County,15.24
Fufeng County,10.76
Mei County,8.72
Long County,5.75
Qianyang County,2.93
Linyou County,1.82
Feng County,2.54
Taibai County,2.34
Sanyuan County,15.33
Jingyang County,17.89
Qian County,15.39
Liquan County,15.29
Yongshou County,3.04
Bin County,6.03
Changwu County,2.73
Xunyi County,4.1
Chunhua County,4.43
Wugong County,10.16
Xingping City,20.19
Hua County,9.03
Tongguan County,7.13
Dali County,16.7
Heyang County,7.96
Chengcheng County,12.2
Pucheng County,23.66
Baishui County,6.62
Fuping County,17.3
Hancheng City,17.77
Huayin City,8.99
Yanchang County,3.1
Yanchuan County,15.61
Zichang County,6.17
Ansai County,6.39
Zhidan County,6.4
Wuqi County,4.92
Ganquan County,2.93
Fu County,3.84
Luochuan County,16.28
Yichuan County,2.03
Huanglong County,1.33
Huangling County,7.72
Nanzheng County,21.78
Chenggu County,22.65
Yang County,8.91
Xixiang County,5.71
Mian County,11.53
Ningqiang County,7.42
Lueyang County,7.43
Zhenba County,4.63
Liuba County,1.59
Foping County,1.12
Shenmu County,22.71
Fugu County,8.7
Hengshan County,5.78
Jingbian County,9.44
Dingbian County,4.93
Suide County,3.5
Mizhi County,2.61
Jia County,1.75
Wubao County,1.1
Qingjian County,2.41
Zizhou County,2.23
Hanyin County,4.82
Shiquan County,5.19
Ningshan County,3.1
Ziyang County,5.09
Lan'gao County,3.85
Pingli County,5.48
Zhenping County,1.44
Xunyang County,13.26
Baihe County,3.65
Shangzhou District,9.23
Luonan County,8.94
Danfeng County,5.11
Shangnan County,3.9
Shanyang County,7.21
Zhen'an County,7.07
Zhashui County,3.17
Yongdeng County,23.47
Gaolan County,7.17
Yuzhong County,8.15
Yongchang County,12.23
Jingyuan County,10.46
Huining County,7.06
Jingtai County,7.84
Qingshui County,2.77
Qin'an County,5.5
Gangu County,6.61
Wushan County,5.08
Zhangjiachuan Hui Autonomous County,2.49
Liangzhou District,42.76
Minqin County,8.76
Gulang County,6.4
Tianzhu Zang Autonomous County,4.16
Ganzhou District,26.2
Su'nan Yugu Autonomous County,2.25
Minle County,9.11
Linze County,7.71
Gaotai County,7.59
Shandan County,10.52
Kongtong District,18.62
Jingchuan County,8.03
Lingtai County,6.64
Chongxin County,3.24
Huating County,7.47
Zhuanglang County,5.9
Jingning County,7.03
Suzhou District,18.42
Jinta County,8.31
Guazhou County,5.54
Subei Mongolia Autonomous County,1.2
Akesai Kazak Autonomous County,1.17
Yumen City,25.4
Dunhuang City,8.94
Xifeng District,9.03
Qingcheng County,19.46
Huan County,3.76
Huachi County,2.63
Heshui County,3.03
Zhengning County,2.83
Ning County,5.79
Zhenyuan County,5
Anding District,8.98
Tongwei County,5.3
Longxi County,7.39
Weiyuan County,3.98
Lintao County,8.48
Zhang County,2.93
Min County,4.96
Wudu District,5.89
Cheng County,7.36
Wen County,3.36
Dangchang County,2.14
Kang County,2.35
Xihe County,5.19
Li County,3.78
Hui County,5.83
Liangdang County,1.08
Linxia City,5.76
Linxia County,4.34
Kangle County,2.53
Yongjing County,2.77
Guanghe County,2.81
Hezheng County,2.12
Dongxiang Autonomous County,1.74
"Jishishan Baoan, Dongxiang and Sala Autonomous County",1.79
Hezuo City,2.61
Lintan County,1.92
Zhuoni County,1.4
Zhouqu County,1.68
Diebu County,0.95
Maqu County,2.38
Luqu County,0.91
Xiahe County,1.88
Datong Hui and Tu Autonomous County,18.46
Huangzhong County,8.83
Huangyuan County,2.62
Ping'an County,5.47
Minhe Hui and Tu Autonomous County,8.4
Ledu County,7.84
Huzhu Tu Autonomous County,10.64
Hualong Hui Autonomous County,3.74
Xunhua Sala Autonomous County,2.85
Menyuan Hui Autonomous County,3.76
Qilian County,2.31
Haiyan County,2.57
Gangcha County,1.92
Tongren County,3.25
Jianzha County,6.69
Zeku County,1.71
He'nan Mongolia Autonomous County,1.71
Gonghe County,7.78
Tongde County,1.46
Guide County,1.81
Xinghai County,1.56
Guinan County,1.93
Maqin County,2.15
Banma County,0.72
Gande County,0.59
Dari County,0.53
Jiuzhi County,0.58
Maduo County,0.46
Yushu County,1.42
Zaduo County,1.21
Chengduo County,0.79
Zhiduo County,0.77
Nangqian County,0.96
Qumalai County,0.84
Geermu City,16.74
Delingha City,4
Wulan County,0.93
Dulan County,1.65
Tianjun County,0.89
Yongning County,10.88
Helan County,9.3
Lingwu City,13.51
Pingluo County,11.21
Huinong County,
Shapotou District,
Yanchi County,10.13
Tongxin County,5.13
Qingtongxia City,23.01
Xiji County,3.85
Longde County,3.68
Jingyuan County,0.84
Pengyang County,2.68
Zhongning County,9.06
Haiyuan County,3.58
Yuanzhou District,
Urumqi County,17.47
Turpan City,12.27
Shanshan County,41.58
Tuokexun County,5.08
Hami City,29.49
Balikun Kazak Autonomous County,4.07
Yiwu County,0.84
Changji City,28.26
Fukang City,15.68
Hutubi County,15.51
Ma'nasi County,26.75
Qitai County,9.11
Jimusar County,6.64
Mulei Kazak Autonomous County,3.79
Bole City,12.64
Jinghe County,6.6
Wenquan County,2.71
Korla City,101.01
Luntai County,4.28
Weili County,6.56
Ruoqiang County,1.98
Qiemo County,2.34
Yanqi Hui Autonomous County,6.97
Hejing County,8.34
Heshuo County,3.91
Bohu County,3.16
Akesu City,37.99
Wensu County,8.48
Kuche County,16.81
Shaya County,7.33
Xinhe County,4.36
Baicheng County,5.68
Wushi County,3.76
Awati County,8.41
Keping County,0.71
Atushi City,3.74
Aketao County,2.11
Aheqi County,0.76
Wuqia County,1.11
Kashi City,11.81
Shufu County,5.06
Shule County,5.02
Yingjisha County,4.28
Zepu County,4.9
Shache County,9.58
Yecheng County,6.02
Maigaiti County,5.92
Yuepuhu County,2.62
Jiashi County,6.39
Bachu County,12.16
Tashikuergan Tajike County,0.51
Hetian City,4.33
Hetian County,4.62
Moyu County,5.37
Pishan County,2.33
Luopu County,3.53
Cele County,2.59
Yutian County,3.38
Minfeng County,0.77
Yining City,17.18
Kuitun City,11.16
Yining County,12.2
Chabur Xibo Autonomous County,4.5
Huocheng County,11.35
Gongliu County,4.62
Xinyuan County,13.67
Zhaosu County,4.94
Tekesi County,3.93
Nileke County,3.87
Tacheng City,11.3
Wusu City,23.42
Emin County,11.38
Shawan County,28.54
Tuoli County,2.96
Yumin County,2.14
Hebukesaier Mongolia Autonomous County,2.92
Arletai City,10.39
Buerjin County,3.36
Fuyun County,5.02
Fuhai County,5.01
Habahe County,2.86
Qinghe County,2.34
Jimunai County,2.44
Shihezi City,6.8
Alaer City,
Tumushuke City,
Wujiaqu City,