Province,City,County,"6-1 Deaths by sex, age and township (1999.11.1-2000.10.31)","1-12 Births by sex, month of birth (1999.11.1-2000.10.31)"
A601004,A112001,,,
Beijing,Beijing (Districts),Chongwen Qu(崇文区),6,1402
Beijing,Beijing (Districts),Dongcheng Qu(东城区),10,2354
Beijing,Beijing (Districts),Xicheng Qu(西城区),15,3127
Beijing,Beijing (Districts),Xuanwu Qu(宣武区),13,2104
Beijing,Beijing (Districts),Chaoyang Qu(朝阳区),37,12640
Beijing,Beijing (Districts),Fengtai Qu(丰台区),46,8437
Beijing,Beijing (Counties),Pinggu Xian(平谷县),7,2739
Beijing,Beijing (Districts),Fangshan Qu(房山区),15,5926
Beijing,Beijing (Districts),Tongzhou Qu(通州区),3,3802
Beijing,Beijing (Districts),Shunyi Qu(顺义区),16,3964
Beijing,Beijing (Districts),Changping Qu(昌平区),12,3989
Beijing,Beijing (Counties),Daxing Xian(大兴县),17,4722
Beijing,Beijing (Counties),Huairou Xian(怀柔县),9,2304
Beijing,Beijing (Counties),Miyun Xian(密云县),3,3357
Beijing,Beijing (Counties),Yanqing xian(延庆县),5,2316
Shanxi,Yangquan,Jiao Qu(郊区),54,2896
Shanxi,Yangquan,Pingding Xian(平定县),87,3600
Shanxi,Changzhi,Cheng Qu(城区),44,3947
Shanxi,Changzhi,Jiao Qu(郊区),53,3739
Shanxi,Changzhi,Changzhi Xian(长治县),61,4553
Shanxi,Changzhi,Xiangyuan Xian(襄垣县),52,3648
Shanxi,Changzhi,Tunliu Xian(屯留县),151,3641
Shanxi,Changzhi,Pingshun Xian(平顺县),71,2301
Shanxi,Changzhi,Licheng Xian(黎城县),73,2497
Shanxi,Changzhi,Huguan Xian(壶关县),63,4349
Shanxi,Changzhi,Zhangzi Xian(长子县),165,4940
Shanxi,Changzhi,Wuxiang Xian(武乡县),23,2624
Shanxi,Changzhi,Qin Xian(沁县),107,2315
Shanxi,Changzhi,Qinyuan Xian(沁源县),52,2222
Shanxi,Changzhi,Lucheng Shi(潞城市),74,3080
Liaoning,Yingkou,Zhanqian Qu(站前区),2,1687
Liaoning,Yingkou,Xishi Qu(西市区),8,1035
Liaoning,Yingkou,Bayuquan Qu(鲅鱼圈区),6,1489
Liaoning,Liaoyang,Baita Qu(白塔区),3,1369
Liaoning,Liaoyang,Wensheng Qu(文圣区),10,1190
Liaoning,Liaoyang,Hongwei Qu(宏伟区),17,1059
Liaoning,Liaoyang,Gongchangling Qu(弓长岭区),3,701
Liaoning,Liaoyang,Taizihe Qu(太子河区),25,1360
Liaoning,Liaoyang,Liaoyang Xian(辽阳县),37,5422
Liaoning,Liaoyang,Dengta Shi(灯塔市),51,5527
Liaoning,Panjin,Shuangtaizi Qu(双台子区),5,1836
Liaoning,Panjin,Xinglongtai Qu(兴隆台区),20,3621
Liaoning,Panjin,Dawa Xian(大洼县),19,3626
Liaoning,Panjin,Panshan Xian(盘山县),59,2716
Shanghai,Shanghai (Districts),Huangpu Qu(黄浦区),4,670
Shanghai,Shanghai (Districts),Nanshi Qu(南市区),36,1696
Shanghai,Shanghai (Districts),Luwan Qu(卢湾区),5,1198
Shanghai,Shanghai (Districts),Xuhui Qu(徐汇区),15,4997
Shanghai,Shanghai (Districts),Changning Qu(长宁区),7,3268
Shanghai,Shanghai (Districts),Jing'an Qu(静安区),4,1184
Shanghai,Shanghai (Districts),Putuo Qu(普陀区),14,4579
Shanghai,Shanghai (Districts),Yangpu Qu(杨浦区),24,5249
Shanghai,Shanghai (Districts),Minhang Qu(闵行区),22,8374
Shanghai,Shanghai (Districts),Baoshan Qu(宝山区),22,7305
Shanghai,Shanghai (Districts),Jiading Qu(嘉定区),21,4858
Shanghai,Shanghai (Districts),Pudong Xinqu(浦东新区),27,14653
Shanghai,Shanghai (Districts),Jinshan Qu(金山区),25,3489
Shanghai,Shanghai (Districts),Songjiang Qu(松江区),28,4975
Shanghai,Shanghai (Districts),Qingpu Qu(青浦区),12,3623
Anhui,Huainan,Datong Qu(大通区),48,1812
Anhui,Huainan,Tianjia'an Qu(田家庵区),40,4532
Anhui,Huainan,Xiejiaji Qu(谢家集区),53,3113
Anhui,Huainan,Bagongshan Qu(八公山区),28,2012
Anhui,Huainan,Panji Qu(潘集区),389,5179
Anhui,Maanshan,Jinjiazhuang Qu(金家庄区),4,966
Anhui,Huainan,Fengtai Xian(凤台县),408,9551
Anhui,Maanshan,Huashan Qu(花山区),12,1823
Anhui,Maanshan,Yushan Qu(雨山区),3,1423
Anhui,Maanshan,Xiangshan Qu(向山区),21,1817
Anhui,Huaibei,Duji Qu(杜集区),5,2847
Anhui,Maanshan,Dangtu Xian(当涂县),166,6591
Anhui,Huaibei,Xiangshan Qu(相山区),13,3127
Anhui,Huaibei,Lieshan Qu(烈山区),3,1373
Anhui,Huaibei,Suixi Xian(濉溪县),278,13881
Shandong,Zaozhuang,Shizhong Qu(市中区),107,5597
Shandong,Zaozhuang,Xuecheng Qu(薛城区),94,5036
Shandong,Zaozhuang,Yicheng Qu(峄城区),99,3824
Shandong,Zaozhuang,Tai'erzhuang Qu(台儿庄区),73,3074
Shandong,Zaozhuang,Shanting Qu(山亭区),104,3806
Shandong,Dongying,Hekou Qu(河口区),23,2853
Shandong,Zaozhuang,Tengzhou Shi(滕州市),509,17227
Shandong,Dongying,Dongying Qu(东营区),38,6438
Shandong,Dongying,Kenli Xian(垦利县),35,2832
Shandong,Dongying,Lijin Xian(利津县),53,3540
Shandong,Dongying,Guangrao Xian(广饶县),68,5824
Shandong,Yantai,Fushan Qu(福山区),22,2838
Shandong,Yantai,Zhifu Qu(芝罘区),53,6323
Shandong,Yantai,Muping(牟平区),30,3166
Shandong,Yantai,Laishan Qu(莱山区),6,1119
Hubei,Wuhan,Jiang'an Qu(江岸区),22,4764
Hubei,Wuhan,Jianghan Qu(江汉区),9,3936
Hubei,Wuhan,Qiaokou Qu(硚口区),17,4249
Hubei,Wuhan,Hanyang Qu(汉阳区),9,3411
Hubei,Wuhan,Wuchang Qu(武昌区),39,6106
Hubei,Wuhan,Qingshan Qu(青山区),8,2935
Hubei,Wuhan,Dongxihu Qu(东西湖区),17,2574
Hubei,Wuhan,Hongshan Qu(洪山区),22,5675
Hubei,Wuhan,Hannan Qu(汉南区),6,774
Hubei,Wuhan,Caidian Qu(蔡甸区),42,3546
Hubei,Wuhan,Jiangxia Qu(江夏区),50,4754
Hubei,Wuhan,Huangpi Qu(黄陂区),139,7995
Hubei,Wuhan,Xinzhou Qu(新洲区),122,6785
Hubei,Jingzhou,Shishou Shi(石首市),76,4697
Guangdong,Guangzhou,Conghua Shi(从化市),62,7653
Guangdong,Zhanjiang,Chikan Qu(赤坎区),211,2698
Guangdong,Zhanjiang,Xiashan Qu(霞山区),110,4452
Guangdong,Zhanjiang,Potou Qu(坡头区),59,5245
Guangdong,Zhanjiang,Mazhang Qu(麻章区),112,6440
Guangdong,Zhanjiang,Suixi Xian(遂溪县),130,13292
Guangdong,Zhanjiang,Xuwen Xian(徐闻县),205,9568
Guangdong,Zhanjiang,Lianjiang Shi(廉江市),449,22673
Guangdong,Zhanjiang,Leizhou Shi(雷州市),510,17816
Guangdong,Zhanjiang,Wuchuan Shi(吴川市),166,15163
Guangdong,Maoming,Maonan Qu(茂南区),53,8243
Guangdong,Maoming,Dianbai Xian(电白县),581,22959
Guangdong,Maoming,Gaozhou Shi(高州市),418,19083
Guangdong,Maoming,Huazhou Shi(化州市),587,17759
Guangdong,Maoming,Xinyi Shi(信宜市),332,14251
Sichuan,Chengdu,Qingbaijiang Qu(青白江区),37,3524
Sichuan,Chengdu,Jinjiang Qu(锦江区),9,3035
Sichuan,Chengdu,Qingyang Qu(青羊区),9,4302
Sichuan,Chengdu,Jinniu Qu(金牛区),22,7630
Sichuan,Chengdu,Wuhou Qu(武侯区),21,6501
Sichuan,Chengdu,Chenghua Qu(成华区),15,5693
Sichuan,Chengdu,Longquanyi Qu(龙泉驿区),51,4817
Sichuan,Chengdu,Dayi Xian(大邑县),55,4372
Sichuan,Chengdu,Xindu Xian(新都县),53,5231
Sichuan,Chengdu,Pujiang Xian(蒲江县),24,1928
Sichuan,Chengdu,Xinjin Xian(新津县),24,2283
Sichuan,Chengdu,Dujiangyan Shi(都江堰市),57,5765
Sichuan,Chengdu,Pengzhou Shi(彭州市),60,5799
Sichuan,Chengdu,Qionglai Shi(邛崃市),67,5610
Sichuan,Chengdu,Chongzhou Shi(崇州市),57,4852
Yunnan,Kunming,Wuhua Qu(五华区),21,3065
Yunnan,Kunming,Panlong Qu(盘龙区),20,2679
Yunnan,Kunming,Guandu Qu(官渡区),236,18812
Yunnan,Kunming,Xishan Qu(西山区),117,7638
Yunnan,Kunming,Dongchuan Qu(东川区),88,4600
Yunnan,Kunming,Chenggong Xian(呈贡县),38,2890
Yunnan,Kunming,Jinning Xian(晋宁县),68,4073
Yunnan,Kunming,Fumin Xian(富民县),32,2133
Yunnan,Kunming,Yiliang Xian(宜良县),119,6172
Yunnan,Kunming,Shilin Yi Zizhixian(石林彝族自治县),134,3942
Yunnan,Kunming,Songming Xian(嵩明县),81,5441
Yunnan,Kunming,Anning Shi(安宁市),86,4230
Yunnan,Qujing,Zhanyi Xian(沾益县),403,7296
Shanxi,Xian,Xincheng Qu(新城区),5,4185
Shanxi,Xian,Beilin Qu(碑林区),6,4350
Shanxi,Xian,Lianhu Qu(莲湖区),4,4888
Shanxi,Xian,Yanta Qu(雁塔区),17,5975
Shanxi,Xian,Lintong Qu(临潼区),34,6959
Shanxi,Xian,Lantian Xian(蓝田县),108,7268
Shanxi,Xian,Chang'an Xian(长安县),46,7931
Shanxi,Xian,Zhouzhi Xian(周至县),256,6708
Shanxi,Xian,Hu Xian(户县),35,5052
Shanxi,Xian,Gaoling Xian(高陵县),28,2091
Shanxi,Tongchuan,Wangyi Qu(王益区),46,1746
Shanxi,Tongchuan,Yintai Qu(印台区),53,2057
Shanxi,Tongchuan,Yao Xian(耀县),117,3145
Shanxi,Tongchuan,Yijun Xian(宜君县),39,845
Xinjiang,Wulumuqi,Shuimogou Qu(水磨沟区),6,2143
Xinjiang,Wulumuqi,Tianshan Qu(天山区),29,5039
Xinjiang,Wulumuqi,Shayibake Qu(沙依巴克区),39,5255
Xinjiang,Wulumuqi,Xinshi Qu(新市区),43,3704
Xinjiang,Wulumuqi,Toutunhe Qu(头屯河区),14,1447
Xinjiang,Wulumuqi,Nanquan Qu(南泉区),,62
Xinjiang,Wulumuqi,Dongshan Qu(东山区),1,1113
Xinjiang,Kelamayi,Dushanzi Qu(独山子区),6,773
Xinjiang,Wulumuqi,Wulumuqi Xian(乌鲁木齐县),40,5293
Xinjiang,Kelamayi,kelamayi Qu(克拉玛依区),13,1595
Xinjiang,Kelamayi,Baijiantan Qu(白碱滩区),4,640
Xinjiang,Kelamayi,Wu'erhe Qu(乌尔禾区),1,160
Xinjiang,Hamidiqu,Hami Shi(哈密市),63,4500
Xinjiang,Hamidiqu,Yiwu Xian(伊吾县),10,266
Beijing,Beijing (Districts),Shijingshan Qu(石景山区),13,3055
Beijing,Beijing (Districts),Haidian Qu(海淀区),62,13334
Beijing,Beijing (Districts),Mentougou Qu(门头沟区),9,2033
Tianjin,Tianjin (Districts),Heping Qu(和平区),4,1083
Tianjin,Tianjin (Districts),Hedong Qu(河东区),4,3285
Tianjin,Tianjin (Districts),Hexi Qu(河西区),13,3392
Tianjin,Tianjin (Districts),Nankai Qu(南开区),27,3943
Tianjin,Tianjin (Districts),Hebei Qu(河北区),7,2900
Tianjin,Tianjin (Districts),Hongqiao Qu(红桥区),3,2289
Tianjin,Tianjin (Districts),Tanggu Qu(塘沽区),5,4108
Tianjin,Tianjin (Districts),Hangu Qu(汉沽区),7,1255
Tianjin,Tianjin (Counties),Ninghe Xian(宁河县),28,3094
Tianjin,Tianjin (Counties),Jinghai Xian(静海县),15,6226
Tianjin,Tianjin (Counties),Baodi Xian(宝坻县),25,4392
Tianjin,Tianjin (Counties),Ji Xian(蓟县),40,7007
Shanxi,Taiyuan,Jinyuan Qu(晋源区),8,2085
Shanxi,Datong,Cheng Qu(城区),22,5951
Shanxi,Datong,Kuang Qu(矿区),97,6228
Shanxi,Datong,Nanjiao Qu(南郊区),81,6419
Shanxi,Datong,Xinrong Qu(新荣区),8,1530
Shanxi,Datong,Yanggao Xian(阳高县),31,3479
Shanxi,Datong,Tianzhen Xian(天镇县),34,2893
Shanxi,Datong,Guangling Xian(广灵县),22,2554
Shanxi,Datong,Lingqiu Xian(灵丘县),43,2974
Shanxi,Datong,Hunyuan Xian(浑源县),82,5033
Shanxi,Datong,Zuoyun Xian(左云县),39,2436
Shanxi,Datong,Datong Xian(大同县),66,2446
Shanxi,Yangquan,Cheng Qu(城区),12,1624
Shanxi,Yangquan,Kuang Qu(矿区),34,2336
Shanxi,Yangquan,Yu Xian(盂县),67,3031
Liaoning,Dandong,Yuanbao Qu(元宝区),8,1207
Liaoning,Dandong,Zhenxing Qu(振兴区),9,2323
Liaoning,Dandong,Zhen'an Qu(振安区),11,1341
Liaoning,Dandong,Kuandian Manzu Zizhixian(宽甸满族自治县),20,3809
Liaoning,Dandong,Fengcheng Shi(凤城市),56,4720
Liaoning,Jinzhou,Guta Qu(古塔区),18,1916
Liaoning,Jinzhou,Linghe Qu(凌河区),6,2456
Liaoning,Jinzhou,Taihe Qu(太和区),15,1950
Liaoning,Jinzhou,Heishan Xian(黑山县),81,4955
Liaoning,Jinzhou,Yi Xian(义县),96,3603
Liaoning,Jinzhou,Beining Shi(北宁市),62,4728
Liaoning,Jinzhou,Linghai Shi(凌海市),50,6036
Liaoning,Yingkou,Laobian Qu(老边区),5,1209
Liaoning,Yingkou,Gaizhou Shi(盖州市),61,8684
Liaoning,Yingkou,Dashiqiao Shi(大石桥市),57,6416
Shanghai,Shanghai (Districts),Zhabei Qu(闸北区),15,3524
Shanghai,Shanghai (Districts),Hongkou Qu(虹口区),19,3690
Shanghai,Shanghai (Counties),Nanhui Xian(南汇县),33,5302
Shanghai,Shanghai (Counties),Fengxian Xian(奉贤县),33,4344
Shanghai,Shanghai (Counties),Chongming Xian(崇明县),18,3520
Jiangsu,Yangzhou,Hanjiang Xian(邗江县),34,4016
Jiangsu,Yangzhou,Yizheng Shi(仪征市),38,4515
Jiangsu,Yangzhou,Gaoyou Shi(高邮市),86,6760
Jiangsu,Yangzhou,Jiangdu Shi(江都市),78,8996
Jiangsu,Zhenjiang,Jinkou Qu(京口区),17,3419
Jiangsu,Zhenjiang,Runzhou Qu(润州区),3,2222
Jiangsu,Zhenjiang,Dantu Xian(丹徒县),36,2671
Jiangsu,Zhenjiang,Danyang Shi(丹阳市),59,6125
Jiangsu,Zhenjiang,Yangzhong Shi(扬中市),15,2144
Jiangsu,Zhenjiang,Jurong Shi(句容市),39,4234
Anhui,Wuhu,Jinghu Qu(镜湖区),31,1148
Anhui,Hefei,Feidong Xian(肥东县),338,12955
Anhui,Wuhu,Matang Qu(马塘区),4,937
Anhui,Wuhu,Xinwu Qu(新芜区),19,1549
Anhui,Wuhu,Jiujiang Qu(鸠江区),20,1216
Anhui,Wuhu,Wuhu Xian(芜湖县),100,5081
Anhui,Wuhu,Fanchang Xian(繁昌县),101,4322
Anhui,Wuhu,Nanling Xian(南陵县),143,5530
Anhui,Bengbu,Dongshi Qu(东市区),8,1901
Anhui,Bengbu,Zhongshi Qu(中市区),7,965
Anhui,Bengbu,Xishi Qu(西市区),23,2264
Anhui,Bengbu,Jiao Qu(郊区),104,2689
Anhui,Bengbu,Huaiyuan Xian(怀远县),861,18193
Anhui,Bengbu,Wuhe Xian(五河县),204,7250
Anhui,Bengbu,Guzhen Xian(固镇县),215,6620
Shandong,Yantai,Changdao Xian(长岛县),1,380
Shandong,Yantai,Penglai Shi(蓬莱市),27,3651
Shandong,Yantai,Longkou Shi(龙口市),57,5459
Shandong,Yantai,Laiyang Shi(莱阳市),55,6267
Shandong,Yantai,Laizhou Shi(莱州市),64,7175
Shandong,Yantai,Zhaoyuan Shi(招远市),40,4863
Shandong,Yantai,Qixia Shi(栖霞市),47,4255
Shandong,Yantai,Haiyang Shi(海阳市),40,4668
Shandong,Weifang,Weicheng Qu(潍城区),28,4279
Shandong,Weifang,Hanting Qu(寒亭区),35,3780
Shandong,Weifang,Fangzi Qu(坊子区),25,2711
Shandong,Weifang,Kuiwen Qu(奎文区),22,4485
Shandong,Weifang,Linqu Xian(临朐县),129,7695
Shandong,Weifang,Changle Xian(昌乐县),63,5994
Shandong,Weifang,Qingzhou Shi(青州市),126,9910
Hubei,Jingzhou,Jianglin Xian(江陵县),22,2714
Hubei,Jingzhou,Shashi Qu(沙市区),14,4460
Hubei,Jingzhou,Jinzhou Qu(荆州区),34,3851
Hubei,Jingzhou,Gong'an Xian(公安县),72,6417
Hubei,Jingzhou,Jianli Xian(监利县),135,12118
Hubei,Huanggang,Huangzhou Qu(黄州区),43,3113
Hubei,Jingzhou,Songzi Shi(松滋市),84,5418
Hubei,Huanggang,Tuanfeng Xian(团风县),53,2784
Hubei,Huanggang,Hong'an Xian(红安县),91,5113
Hubei,Huanggang,Luotian Xian(罗田县),98,3859
Hubei,Huanggang,Yingshan Xian(英山县),62,2884
Hubei,Huanggang,Xishui Xian(浠水县),136,7468
Hubei,Huanggang,Qichun Xian(蕲春县),177,7592
Hubei,Huanggang,Huangmei Xian(黄梅县),142,8364
Guangdong,Guangzhou,Fangcun Qu(芳村区),20,2473
Guangdong,Guangzhou,Dongshan Qu(东山区),24,3980
Guangdong,Guangzhou,Liwan Qu(荔湾区),37,3016
Guangdong,Guangzhou,Yuexiu Qu(越秀区),19,2235
Guangdong,Guangzhou,Haizhu Qu(海珠区),61,9417
Guangdong,Guangzhou,Tianhe Qu(天河区),282,11014
Guangdong,Guangzhou,Baiyun Qu(白云区),67,15538
Guangdong,Guangzhou,Huangpu Qu(黄埔区),29,3879
Guangdong,Guangzhou,Fanyu Qu(番禺区),77,16531
Guangdong,Guangzhou,Huadu Qu(花都区),113,6105
Guangdong,Guangzhou,Zengcheng Shi(增城市),74,9048
Guangdong,Shaoguan,Zhenjiang Qu(浈江区),12,1966
Guangdong,Shaoguan,Lechang Shi(乐昌市),161,4817
Guangdong,Shaoguan,Nanxiong Shi(南雄市),159,4729
Sichuan,Chengdu,Jintang Xian(金堂县),88,8333
Sichuan,Chengdu,Shuangliu Xian(双流县),72,8402
Sichuan,Chengdu,Wenjiang Xian(温江县),30,2776
Sichuan,Chengdu,Pi Xian(郫县),33,4070
Sichuan,Zigong,Ziliujing Qu(自流井区),2,1404
Sichuan,Zigong,Gongjing Qu(贡井区),2,944
Sichuan,Zigong,Da'an Qu(大安区),5,3032
Sichuan,Zigong,Yantan Qu(沿滩区),9,2784
Sichuan,Zigong,Rong Xian(荣县),27,6325
Sichuan,Zigong,Fushun Xian(富顺县),127,8846
Sichuan,Neijiang,Shizhong Qu(市中区),47,5215
Sichuan,Neijiang,Dongxing Qu(东兴区),79,7152
Sichuan,Neijiang,Weiyuan Xian(威远县),110,6776
Sichuan,Neijiang,Zizhong Xian(资中县),273,12536
Sichuan,Neijiang,Longchang Xian(隆昌县),103,7336
Yunnan,Qujing,Qilin Qu(麒麟区),542,11695
Yunnan,Qujing,Malong Xian(马龙县),97,3631
Yunnan,Qujing,Shizong Xian(师宗县),472,7167
Yunnan,Qujing,Luliang Xian(陆良县),781,11335
Yunnan,Qujing,Luoping Xian(罗平县),891,10997
Yunnan,Qujing,Fuyuan Xian(富源县),566,14649
Yunnan,Qujing,Huize Xian(会泽县),1155,15025
Yunnan,Qujing,Xuanwei Shi(宣威市),1891,24873
Yunnan,Yuxi,Jiangchuan Xian(江川县),86,4772
Yunnan,Yuxi,Chengjiang Xian(澄江县),78,2631
Yunnan,Yuxi,Tonghai Xian(通海县),88,4365
Yunnan,Yuxi,Huaning Xian(华宁县),85,3347
Yunnan,Yuxi,Yimen Xian(易门县),71,2902
Yunnan,Yuxi,Eshan Yi Zizhixian(峨山彝族自治县),70,2646
Shanxi,Xian,Yanliang Qu(阎良区),29,2264
Shanxi,Xian,Baqiao Qu(灞桥区),30,4380
Shanxi,Xian,Weiyang Qu(未央区),82,4160
Shanxi,Xianyang,Yangling Qu(杨陵区),15,1296
Shanxi,Xianyang,Weicheng Qu(渭城区),73,3277
Shanxi,Xianyang,Sanyuan Xian(三原县),59,3317
Shanxi,Xianyang,Jingyang Xian(泾阳县),165,4968
Shanxi,Xianyang,Qian Xian(乾县),243,6192
Shanxi,Xianyang,Liquan Xian(礼泉县),138,5282
Shanxi,Xianyang,Yongshou Xian(永寿县),83,2537
Shanxi,Xianyang,Bin Xian(彬县),65,2800
Shanxi,Xianyang,Changwu Xian(长武县),90,2039
Shanxi,Xianyang,Xunyi Xian(旬邑县),84,2606
Shanxi,Xianyang,Chunhua Xian(淳化县),88,2072
Shanxi,Xianyang,Wugong Xian(武功县),183,4378
Xinjiang,Tulufandiqu,Tulufan Shi(吐鲁番市),55,3813
Xinjiang,Tulufandiqu,Shanshan Xian(鄯善县),42,2884
Xinjiang,Tulufandiqu,Tuokexun Xian(托克逊县),43,1444
Xinjiang,Kashendiqu,Kashi Shi(喀什市),184,6511
Xinjiang,Kashendiqu,Shufu Xian(疏附县),441,7713
Xinjiang,Kashendiqu,Shule Xian(疏勒县),321,6304
Xinjiang,Kashendiqu,Yingjisha Xian(英吉沙县),219,4567
Xinjiang,Kashendiqu,Yecheng Xian(叶城县),258,6563
Xinjiang,Kashendiqu,Shache Xian(莎车县),606,10902
Xinjiang,Kashendiqu,Maigaiti Xian(麦盖提县),105,3516
Xinjiang,Kashendiqu,Yuepuhu Xian(岳普湖县),107,2427
Xinjiang,Kashendiqu,Jiashi Xian(伽师县),336,7032
Xinjiang,Kashendiqu,Bachu Xian(巴楚县),120,6062
Tianjin,Tianjin (Districts),Dagang Qu(大港区),17,4157
Tianjin,Tianjin (Districts),Dongli Qu(东丽区),16,3860
Tianjin,Tianjin (Districts),Xiqing Qu(西青区),14,3926
Tianjin,Tianjin (Districts),Jinnan Qu(津南区),31,4168
Tianjin,Tianjin (Districts),Beichen Qu(北辰区),10,3371
Tianjin,Tianjin (Districts),Wuqing Qu(武清区),21,8613
Hebei,Xingtai,Xingtai Xian(邢台县),96,5354
Hebei,Xingtai,Lincheng Xian(临城县),23,2298
Hebei,Xingtai,Neiqiu Xian(内丘县),89,2948
Hebei,Xingtai,Baixiang Xian(柏乡县),40,2186
Hebei,Xingtai,Longyao Xian(隆尧县),89,5303
Hebei,Xingtai,Ren Xian(任县),59,3656
Hebei,Xingtai,Julu Xian(巨鹿县),89,4506
Hebei,Xingtai,Nangong Shi(南宫市),100,4702
Hebei,Xingtai,Shahe Shi(沙河市),60,5388
Shanxi,Taiyuan,Xiaodian Qu(小店区),23,4987
Shanxi,Taiyuan,Yingze Qu(迎泽区),15,4127
Shanxi,Taiyuan,Xinghualing Qu(杏花岭区),19,4654
Shanxi,Taiyuan,Jiancaoping Qu(尖草坪区),32,3678
Shanxi,Taiyuan,Wanbolin Qu(万柏林区),14,5336
Shanxi,Taiyuan,Qingxu Xian(清徐县),15,4136
Shanxi,Taiyuan,Yangqu Xian(阳曲县),33,1757
Shanxi,Taiyuan,Loufan Xian(娄烦县),17,1732
Shanxi,Taiyuan,Gujiao Shi(古交市),30,2829
Shanxi,Xinzhou,Dingxiang Xian(定襄县),88,2776
Shanxi,Xinzhou,Jingle Xian(静乐县),88,2352
Shanxi,Xinzhou,Shenchi Xian(神池县),26,1466
Shanxi,Xinzhou,Wuzhai Xian(五寨县),82,1606
Shanxi,Xinzhou,Kelan Xian(岢岚县),20,1226
Liaoning,Anshan,Lishan Qu(立山区),1,2251
Liaoning,Fushun,Xingfu Qu(新抚区),14,1917
Liaoning,Fushun,Dongzhou Qu(东洲区),31,1834
Liaoning,Fushun,Wanghua Qu(望花区),19,2594
Liaoning,Fushun,Shuncheng Qu(顺城区),51,2845
Liaoning,Fushun,Fushun Xian(抚顺县),15,1835
Liaoning,Fushun,Xinbin Manzu Zizhixian(新宾满族自治县),47,2473
Liaoning,Fushun,Qingyuan Manzu Zizhixian(清原满族自治县),18,2510
Liaoning,Benxi,Pingshan Qu(平山区),70,2258
Liaoning,Benxi,Xihu Qu(溪湖区),19,1430
Liaoning,Benxi,Mingshan Qu(明山区),11,2328
Liaoning,Benxi,Nanfen Qu(南芬区),5,542
Liaoning,Benxi,Benxi Manzu Zizhixian(本溪满族自治县),65,2567
Liaoning,Benxi,Huanren Manzu Zizhixian(桓仁满族自治县),70,2282
Liaoning,Dandong,Donggang Shi(东港市),65,5511
Jiangsu,Lianyungang,Ganyu Xian(赣榆县),225,11085
Jiangsu,Lianyungang,Donghai Xian(东海县),159,11893
Jiangsu,Lianyungang,Guanyun Xian(灌云县),174,11331
Jiangsu,Lianyungang,Guannan Xian(灌南县),217,8113
Jiangsu,Huaiyin,Qinghe Qu(清河区),3,2235
Jiangsu,Huaiyin,Qingpu Qu(清浦区),19,2744
Jiangsu,Huaiyin,Huaiyin Xian(淮阴县),180,8590
Jiangsu,Huaiyin,Lianshui Xian(涟水县),133,9344
Jiangsu,Huaiyin,Hongze Xian(洪泽县),34,3565
Jiangsu,Huaiyin,Xuyi Xian(盱眙县),73,6916
Jiangsu,Huaiyin,Jinhu Xian(金湖县),28,2481
Jiangsu,Huaiyin,Huai'an Shi(淮安市),190,11160
Jiangsu,Yangzhou,Guangling Qu(广陵区),4,3671
Jiangsu,Yangzhou,Jiao Qu(郊区),12,1593
Jiangsu,Yangzhou,Baoying Xian(宝应县),128,7790
Anhui,Hefei,Dongshi Qu(东市区),9,2272
Anhui,Hefei,Zhongshi Qu(中市区),,1995
Anhui,Hefei,Xishi Qu(西市区),5,3006
Anhui,Hefei,Jiao Qu(郊区),70,8771
Anhui,Hefei,Changfeng Xian(长丰县),348,10303
Anhui,Hefei,Feixi Xian(肥西县),307,11237
Anhui,Anqing,Qianshan Xian(潜山县),131,5661
Anhui,Anqing,Huaining Xian(怀宁县),260,8313
Anhui,Anqing,Zongyang Xian(枞阳县),428,12377
Anhui,Anqing,Taihu Xian(太湖县),198,4680
Anhui,Anqing,Wangjiang Xian(望江县),192,6673
Anhui,Anqing,Susong Xian(宿松县),422,8268
Anhui,Anqing,Yuexi Xian(岳西县),135,4121
Anhui,Anqing,Tongcheng Shi(桐城市),263,8443
Shandong,Weifang,Zhucheng Shi(诸城市),115,11166
Shandong,Weifang,Shouguang Xian(寿光市),137,12470
Shandong,Weifang,Anqiu Shi(安丘市),126,10033
Shandong,Weifang,Gaomi Shi(高密市),96,8939
Shandong,Weifang,Changyi Shi(昌邑市),72,6768
Shandong,Jining,Shizhong Qu(市中区),11,4613
Shandong,Jining,Rencheng Qu(任城区),85,7184
Shandong,Jining,Weishan Xian(微山县),110,6711
Shandong,Jining,Yutai Xian(鱼台县),58,4379
Shandong,Jining,Jinxiang Xian(金乡县),110,6265
Shandong,Jining,Jiaxiang Xian(嘉祥县),202,9269
Shandong,Jining,Wenshang Xian(汶上县),83,8052
Shandong,Jining,Sishui Xian(泗水县),124,6627
Shandong,Jining,Liangshan Xian(梁山县),141,8161
Hubei,Huangshi,Huangshigang Qu(黄石港区),10,1514
Hubei,Huangshi,Shihuiyao Qu(石灰窑区),14,2069
Hubei,Huangshi,Xialu Qu(下陆区),10,1269
Hubei,Huangshi,Tieshan Qu(铁山区),5,527
Hubei,Huangshi,Yangxin Xian(阳新县),153,7955
Hubei,Huangshi,Daye Shi(大冶市),120,7455
Hubei,Shiyan,Danjiangkou Shi(丹江口市),73,4199
Hubei,Huanggang,Macheng Shi(麻城市),390,10015
Hubei,Huanggang,Wuxue Shi(武穴市),84,5486
Hubei,Xianning,Jiayu Xian(嘉鱼县),33,2701
Hubei,Xianning,Xian'an Qu(咸安区),43,4526
Hubei,Xianning,Tongcheng Xian(通城县),78,3839
Hubei,Xianning,Chongyang Xian(崇阳县),35,3800
Hubei,Xianning,Tongshan Xian(通山县),59,3204
Hubei,Xianning,Chibi Shi(赤壁市),88,4025
Guangdong,Shaoguan,Beijiang Qu(北江区),7,1239
Guangdong,Shaoguan,Wujiang Qu(武江区),21,1837
Guangdong,Shaoguan,Qujiang Xian(曲江县),61,3405
Guangdong,Shaoguan,Shixing Xian(始兴县),63,2609
Guangdong,Shaoguan,Renhua Xian(仁化县),40,1773
Guangdong,Shaoguan,Wengyuan Xian(翁源县),111,3077
Guangdong,Shaoguan,Ruyuan Yao Zizhixian(乳源瑶族自治县),55,1859
Guangdong,Shaoguan,Xinfeng Xian(新丰县),54,2118
Guangdong,Shenzhen,Luohu Qu(罗湖区),34,6697
Guangdong,Shenzhen,Futian Qu(福田区),52,7708
Guangdong,Shenzhen,Nanshan Qu(南山区),22,5789
Guangdong,Shenzhen,Bao'an Qu(宝安区),53,16312
Guangdong,Shenzhen,Longgang Qu(龙岗区),75,10089
Guangdong,Shenzhen,Yantian Qu(盐田区),4,823
Guangdong,Zhuhai,Xiangzhou Qu(香洲区),74,9700
Sichuan,Leshan,Shizhong Qu(市中区),44,4528
Sichuan,Leshan,Shawan Qu(沙湾区),20,1644
Sichuan,Leshan,Wutongqiao Qu(五通桥区),27,2274
Sichuan,Leshan,Jinkouhe Qu(金口河区),7,628
Sichuan,Leshan,Qianwei Xian(犍为县),58,4193
Sichuan,Leshan,Jingyan Xian(井研县),45,3367
Sichuan,Leshan,Jiajiang Xian(夹江县),39,2892
Sichuan,Leshan,Muchuan Xian(沐川县),104,2623
Sichuan,Leshan,Ebian Yi Zizhixian(峨边彝族自治县),26,1559
Sichuan,Leshan,Mabian Yi Zizhixian(马边彝族自治县),53,3100
Sichuan,Leshan,Emeishan Shi(峨眉山市),53,3468
Sichuan,Nanchong,Yingshan Xian(营山县),165,7078
Sichuan,Nanchong,Peng'an Xian(蓬安县),87,5928
Sichuan,Nanchong,Langzhong Shi(阆中市),115,6553
Yunnan,Yuxi,Hongta Qu(红塔区),59,6687
Yunnan,Zhaotongdiqu,Zhaotong Shi(昭通市),813,17354
Yunnan,Zhaotongdiqu,Ludian Xian(鲁甸县),436,9099
Yunnan,Zhaotongdiqu,Qiaojia Xian(巧家县),498,10765
Yunnan,Zhaotongdiqu,Yanjin Xian(盐津县),330,7737
Yunnan,Zhaotongdiqu,Daguan Xian(大关县),266,5788
Yunnan,Zhaotongdiqu,Yongshan Xian(永善县),376,9357
Yunnan,Zhaotongdiqu,Suijiang Xian(绥江县),101,2740
Yunnan,Zhaotongdiqu,Zhenxiong Xian(镇雄县),1309,28122
Yunnan,Zhaotongdiqu,Yiliang Xian(彝良县),695,11769
Yunnan,Zhaotongdiqu,Weixin Xian(威信县),427,8060
Yunnan,Zhaotongdiqu,Shuifu Xian(水富县),54,1753
Yunnan,Chuxiongyizu,Shuangbai Xian(双柏县),235,2597
Yunnan,Chuxiongyizu,Lufeng Xian(禄丰县),221,7166
Shanxi,Baoji,Weibin Qu(渭滨区),23,2981
Shanxi,Baoji,Jintai Qu(金台区),25,2468
Shanxi,Baoji,Baoji Xian(宝鸡县),433,7613
Shanxi,Baoji,Fengxiang Xian(凤翔县),77,4376
Shanxi,Baoji,Qishan Xian(岐山县),118,4132
Shanxi,Baoji,Fufeng Xian(扶风县),53,4077
Shanxi,Baoji,Mei Xian(眉县),58,2740
Shanxi,Baoji,Long Xian(陇县),54,2853
Shanxi,Baoji,Qianyang Xian(千阳县),33,1323
Shanxi,Baoji,Linyou Xian(麟游县),25,935
Shanxi,Baoji,Feng Xian(凤县),23,1064
Shanxi,Baoji,Taibai Xian(太白县),7,527
Shanxi,Xianyang,Qindu Qu(秦都区),35,3843
Shanxi,Xianyang,Xingping Shi(兴平市),284,5887
Shanxi,Yanan,Huangling Xian(黄陵县),29,1413
Xinjiang,Changjihuizu,Changji Shi(昌吉市),24,4574
Xinjiang,Changjihuizu,Fukang Shi(阜康市),14,1843
Xinjiang,Kezilesukeerkezi,Artushi Shi(阿图什市),168,4009
Xinjiang,Kezilesukeerkezi,Aketao Xian(阿克陶县),103,3425
Xinjiang,Kezilesukeerkezi,Aheqi Xian(阿合奇县),41,719
Xinjiang,Kezilesukeerkezi,Wuqia Xian(乌恰县),37,789
Xinjiang,Kashendiqu,Zepu Xian(泽普县),132,3140
Xinjiang,Hetiandiqu,Hetian Shi(和田市),69,4067
Xinjiang,Hetiandiqu,Hetian Xian(和田县),283,5618
Xinjiang,Hetiandiqu,Moyu Xian(墨玉县),241,9762
Xinjiang,Hetiandiqu,Pishan Xian(皮山县),233,3710
Xinjiang,Hetiandiqu,Luopu Xian(洛浦县),209,4809
Xinjiang,Hetiandiqu,Cele Xian(策勒县),225,2557
Xinjiang,Hetiandiqu,Yutian Xian(于田县),262,4313
Xinjiang,Hetiandiqu,Minfeng Xian(民丰县),21,517
Hebei,Handan,Qiu Xian(邱县),52,2277
Hebei,Handan,Jize Xian(鸡泽县),162,3462
Hebei,Handan,Guantao Xian(馆陶县),180,3254
Hebei,Handan,Wei Xian(魏县),267,9867
Hebei,Xingtai,Qiaodong Qu(桥东区),33,2926
Hebei,Xingtai,Qiaoxi Qu(桥西区),29,2983
Hebei,Xingtai,Nanhe Xian(南和县),52,4005
Hebei,Xingtai,Ningjin Xian(宁晋县),143,8151
Hebei,Xingtai,Xinhe Xian(新河县),21,1859
Hebei,Xingtai,Guangzong Xian(广宗县),83,3384
Hebei,Xingtai,Pingxiang Xian(平乡县),48,3663
Hebei,Xingtai,Wei Xian(威县),286,6548
Hebei,Xingtai,Qinghe Xian(清河县),85,3712
Hebei,Xingtai,Linxi Xian(临西县),108,3654
Shanxi,Yuncheng,Yanhu Qu(盐湖区),36,8195
Shanxi,Yuncheng,Linyi Xian(临猗县),138,7649
Shanxi,Yuncheng,Wanrong Xian(万荣县),32,6078
Shanxi,Yuncheng,Yuanqu Xian(垣曲县),119,3240
Shanxi,Yuncheng,Xia Xian(夏县),220,5079
Shanxi,Yuncheng,Pinglu Xian(平陆县),155,3663
Shanxi,Xinzhou,Xinfu Qu(忻府区),194,6848
Shanxi,Xinzhou,Wutai Xian(五台县),148,4645
Shanxi,Xinzhou,Dai Xian(代县),28,2912
Shanxi,Xinzhou,Fanshi Xian(繁峙县),95,3471
Shanxi,Xinzhou,Ningwu Xian(宁武县),28,2177
Shanxi,Xinzhou,Hequ Xian(河曲县),31,2054
Shanxi,Xinzhou,Baode Xian(保德县),50,2188
Shanxi,Xinzhou,Pianguan Xian(偏关县),77,1721
Shanxi,Xinzhou,Yuanping Shi(原平市),94,6183
Liaoning,Dalian,Zhongshan Qu(中山区),37,2098
Liaoning,Dalian,Xigang Qu(西岗区),8,1914
Liaoning,Dalian,Lushunkou Qu(旅顺口区),17,1940
Liaoning,Dalian,Shahekou Qu(沙河口区),21,3612
Liaoning,Dalian,Ganjingzi Qu(甘井子区),33,5994
Liaoning,Dalian,Jinzhou Qu(金州区),39,5972
Liaoning,Dalian,Changhai Xian(长海县),8,886
Liaoning,Anshan,Tiedong Qu(铁东区),13,2693
Liaoning,Dalian,Pulandian Shi(普兰店市),66,6023
Liaoning,Anshan,Tiexi Qu(铁西区),2,1924
Liaoning,Anshan,Qianshan Qu(千山区),26,2714
Liaoning,Anshan,Tai'an Xian(台安县),9,3918
Liaoning,Anshan,Xiuyan Manzu Zizhixian(岫岩满族自治县),21,4959
Liaoning,Anshan,Haicheng Shi(海城市),88,13812
Jiangsu,Suzhou,Jinchang Qu(金阊区),26,2456
Jiangsu,Suzhou,Huqiu Qu(虎丘区),2,1760
Jiangsu,Nantong,Gangzha Qu(港闸区),10,1397
Jiangsu,Nantong,Chongchuan Qu(崇川区),4,3766
Jiangsu,Nantong,Hai'an Xian(海安县),53,6410
Jiangsu,Nantong,Rudong Xian(如东县),51,6199
Jiangsu,Nantong,Qidong Shi(启东市),64,7139
Jiangsu,Nantong,Rugao Shi(如皋市),72,9600
Jiangsu,Nantong,Tongzhou Shi(通州市),66,8906
Jiangsu,Nantong,Haimen Shi(海门市),63,7255
Jiangsu,Lianyungang,Lianyun Qu(连云区),10,1271
Jiangsu,Lianyungang,Yuntai Qu(云台区),15,1473
Jiangsu,Lianyungang,Xinpu Qu(新浦区),21,2553
Jiangsu,Lianyungang,Haizhou Qu(海州区),15,1488
Anhui,Tongling,Tongguanshan Qu(铜官山区),8,2613
Anhui,Tongling,Shizishan Qu(狮子山区),2,668
Anhui,Tongling,Jiao Qu(郊区),5,716
Anhui,Tongling,Tongling Xian(铜陵县),51,3466
Anhui,Anqing,Yingjiang Qu(迎江区),3,1655
Anhui,Anqing,Daguan Qu(大观区),9,2108
Anhui,Anqing,Jiao Qu(郊区),50,3234
Anhui,Chizhou,Guichi Qu(贵池区),85,6875
Anhui,Bozhou,Qiaocheng Qu(谯城区),372,16676
Anhui,Bozhou,Guoyang Xian(涡阳县),400,16185
Anhui,Bozhou,Mengcheng Xian(蒙城县),520,14357
Anhui,Bozhou,Lixin Xian(利辛县),714,18687
Anhui,Chizhou,Dongzhi Xian(东至县),133,5357
Anhui,Chizhou,Shitai Xian(石台县),29,1045
Anhui,Chizhou,Qingyang Xian(青阳县),56,2810
Shandong,Jinan,Lixia Qu(历下区),29,4003
Shandong,Jinan,Shizhong Qu(市中区),16,4708
Shandong,Jinan,Huaiyin Qu(槐荫区),40,3285
Shandong,Jinan,Tianqiao Qu(天桥区),25,4984
Shandong,Jinan,Changqing Xian(长清县),43,6159
Shandong,Jinan,Pingyin Xian(平阴县),50,4028
Shandong,Taian,Dongping Xian(东平县),141,8023
Shandong,Jining,Qufu Shi(曲阜市),34,6928
Shandong,Jining,Yanzhou Shi(兖州市),51,6314
Shandong,Jining,Zoucheng Shi(邹城市),227,11576
Shandong,Taian,Taishan Qu(泰山区),105,7459
Shandong,Taian,Daiyue Qu(岱岳区),138,11168
Shandong,Taian,Ningyang Xian(宁阳县),140,8667
Shandong,Taian,Xintai Shi(新泰市),144,15209
Shandong,Taian,Feicheng Shi(肥城市),127,11027
Hubei,Shiyan,Maojian Qu(茅箭区),13,2392
Hubei,Shiyan,Zhangwan Qu(张湾区),10,3181
Hubei,Shiyan,Yun Xian(郧县),149,4645
Hubei,Shiyan,Yunxi Xian(郧西县),173,4046
Hubei,Shiyan,Zhushan Xian(竹山县),208,4014
Hubei,Shiyan,Zhuxi Xian(竹溪县),114,2799
Hubei,Shiyan,Fang Xian(房县),113,3473
Hubei,Yichang,Yichang Xian(宜昌县),69,5205
Hubei,Yichang,Yuan'an Xian(远安县),29,1687
Hubei,Yichang,Xingshan Xian(兴山县),44,1461
Hubei,Yichang,Changyang Tujia Zizhixian(长阳土家族自治县),73,3255
Hubei,Yichang,Wufeng Tujia Zizhixian(五峰土家族自治县),26,1447
Hubei,Yichang,yidu Shi(宜都市),32,2406
Hubei,Yichang,Dangyang Shi(当阳市),25,3291
Hubei,Yichang,Zhijiang Shi(枝江市),34,3875
Guangdong,Shantou,Dahao Qu(达濠区),16,2799
Guangdong,Zhuhai,Doumen Xian(斗门县),35,3597
Guangdong,Shantou,Longhu Qu(龙湖区),19,3142
Guangdong,Shantou,Jinyuan Qu(金园区),46,5388
Guangdong,Shantou,Shengping Qu(升平区),20,3131
Guangdong,Shantou,Hepu Qu(河浦区),8,1257
Guangdong,Shantou,Nan'ao Xian(南澳县),8,592
Guangdong,Foshan,Cheng Qu(城区),43,3029
Guangdong,Shantou,Chaoyang Shi(潮阳市),116,37260
Guangdong,Shantou,Chenghai Shi(澄海市),71,8352
Guangdong,Foshan,Shiwan Qu(石湾区),10,4180
Guangdong,Foshan,Gaoming Shi(高明市),28,3279
Guangdong,Foshan,Shunde Shi(顺德市),107,15942
Guangdong,Foshan,Nanhai Shi(南海市),105,16015
Guangdong,Foshan,Sanshui Shi(三水市),36,4269
Sichuan,Panzhihua,Dong Qu(东区),36,4155
Sichuan,Panzhihua,Xi Qu(西区),8,2233
Sichuan,Panzhihua,Yanbian Xian(盐边县),51,3101
Sichuan,Nanchong,Shunqing Qu(顺庆区),76,5544
Sichuan,Nanchong,Gaoping Qu(高坪区),107,5361
Sichuan,Nanchong,Jialing Qu(嘉陵区),110,6424
Sichuan,Nanchong,Nanbu Xian(南部县),295,12238
Sichuan,Nanchong,Yilong Xian(仪陇县),239,8796
Sichuan,Nanchong,Xichong Xian(西充县),102,4250
Sichuan,Meishan,Pengshan Xian(彭山县),37,2444
Sichuan,Meishan,Dongbu Qu(东坡区),82,5857
Sichuan,Meishan,Renshou Xian(仁寿县),218,13807
Sichuan,Meishan,Hongya Xian(洪雅县),57,2597
Sichuan,Meishan,Danleng Xian(丹棱县),39,1148
Sichuan,Meishan,Qingshen Xian(青神县),28,1493
Yunnan,Chuxiongyizu,Chuxiong Shi(楚雄市),147,7497
Yunnan,Chuxiongyizu,Mouding Xian(牟定县),243,3307
Yunnan,Chuxiongyizu,Nanhua Xian(南华县),138,3961
Yunnan,Chuxiongyizu,Yao'an Xian(姚安县),135,3098
Yunnan,Chuxiongyizu,Dayao Xian(大姚县),362,3879
Yunnan,Chuxiongyizu,Yongren Xian(永仁县),271,1754
Yunnan,Chuxiongyizu,Yuanmou Xian(元谋县),138,3340
Yunnan,Chuxiongyizu,Wuding Xian(武定县),250,4212
Yunnan,Baoshandiqu,Shidian Xian(施甸县),282,4766
Yunnan,Baoshandiqu,Baoshan Shi(保山市),555,13925
Yunnan,Baoshandiqu,Tengchong Xian(腾冲县),537,10569
Yunnan,Baoshandiqu,Longling Xian(龙陵县),419,4233
Yunnan,Baoshandiqu,Changning Xian(昌宁县),211,5403
Yunnan,Dehongdaizujingpozu,Luxi Shi(潞西市),253,5986
Shanxi,Weinan,Hancheng Shi(韩城市),53,4030
Shanxi,Weinan,Huayin Shi(华阴市),48,2506
Shanxi,Yanan,Baota Qu(宝塔区),253,4279
Shanxi,Yanan,Yanchang Xian(延长县),40,1100
Shanxi,Yanan,Yanchuan Xian(延川县),32,1577
Shanxi,Yanan,Zichang Xian(子长县),64,2510
Shanxi,Yanan,Ansai Xian(安塞县),49,1652
Shanxi,Yanan,Zhidan Xian(志丹县),40,1273
Shanxi,Yanan,Wuqi Xian(吴旗县),94,1041
Shanxi,Yanan,Ganquan Xian(甘泉县),56,757
Shanxi,Yanan,Fu Xian(富县),64,1470
Shanxi,Yanan,Luochuan Xian(洛川县),88,2108
Shanxi,Yanan,Yichuan Xian(宜川县),24,1097
Shanxi,Yanan,Huanglong Xian(黄龙县),7,484
Xinjiang,Changjihuizu,Miquan Shi(米泉市),19,2211
Xinjiang,Changjihuizu,Hutubi Xian(呼图壁县),38,2515
Xinjiang,Changjihuizu,Manasi Xian(玛纳斯县),27,2230
Xinjiang,Changjihuizu,Qitai Xian(奇台县),30,2518
Xinjiang,Changjihuizu,Jimusa'er Xian(吉木萨尔县),13,1364
Xinjiang,Changjihuizu,Mulei Kazak Zizhixian(木垒哈萨克自治县),14,980
Xinjiang,Bayinguolengmenggu,Ku'erle Shi(库尔勒市),45,5042
Xinjiang,Bayinguolengmenggu,Luntai Xian(轮台县),58,1292
Xinjiang,Bayinguolengmenggu,Weili Xian(尉犁县),17,1153
Xinjiang,Bayinguolengmenggu,Ruoqiang Xian(若羌县),12,360
Xinjiang,Bayinguolengmenggu,Qiemo Xian(且末县),25,760
Xinjiang,Bayinguolengmenggu,Yanqi Hui Zizhixian(焉耆回族自治县),12,1482
Xinjiang,Bayinguolengmenggu,Hejing Xian(和静县),50,1947
Xinjiang,Bayinguolengmenggu,Heshuo Xian(和硕县),7,688
Xinjiang,Bayinguolengmenggu,Bohu Xian(博湖县),9,630
Hebei,Handan,Hanshan Qu(邯山区),21,2840
Hebei,Handan,Congtai Qu(丛台区),6,3118
Hebei,Handan,Fuxing Qu(复兴区),19,2699
Hebei,Handan,Fengfengkuang Qu(峰峰矿区),185,5906
Hebei,Handan,Handan Xian(邯郸县),84,4788
Hebei,Handan,Linzhang Xian(临漳县),134,6845
Hebei,Handan,Cheng'an Xian(成安县),261,4114
Hebei,Handan,Daming Xian(大名县),320,9302
Hebei,Handan,She Xian(涉县),204,5065
Hebei,Handan,Ci Xian(磁县),337,8213
Hebei,Handan,Feixiang Xian(肥乡县),125,4278
Hebei,Handan,Yongnian Xian(永年县),220,10698
Hebei,Handan,Guangping Xian(广平县),105,2641
Hebei,Handan,Quzhou Xian(曲周县),69,4760
Hebei,Handan,Wu'an Shi(武安市),769,10242
Shanxi,Jinzhong,Yushe Xian(榆社县),42,1558
Shanxi,Jinzhong,Yuci Qu(榆次区),49,5623
Shanxi,Jinzhong,Zuoquan Xian(左权县),41,1451
Shanxi,Jinzhong,Heshun Xian(和顺县),38,1187
Shanxi,Jinzhong,Xiyang Xian(昔阳县),77,2162
Shanxi,Jinzhong,Pingyao Xian(平遥县),37,5170
Shanxi,Jinzhong,Lingshi Xian(灵石县),63,2814
Shanxi,Jinzhong,Jiexiu Shi(介休市),40,4124
Shanxi,Yuncheng,Wenxi Xian(闻喜县),37,5352
Shanxi,Yuncheng,Jishan Xian(稷山县),21,4393
Shanxi,Yuncheng,Xinjiang Xian(新绛县),128,4796
Shanxi,Yuncheng,Jiang Xian(绛县),14,3867
Shanxi,Yuncheng,Ruicheng Xian(芮城县),165,5413
Shanxi,Yuncheng,Yongji Shi(永济市),32,5839
Shanxi,Yuncheng,Hejin Shi(河津市),92,4958
Liaoning,Shenyang,Sujiatun Qun(苏家屯区),6,3333
Liaoning,Shenyang,Heping Qu(和平区),172,3981
Liaoning,Shenyang,Shenhe Qu(沈河区),23,3959
Liaoning,Shenyang,Dadong Qu(大东区),44,4355
Liaoning,Shenyang,Huangu Qu(皇姑区),19,3988
Liaoning,Shenyang,Tiexi Qu(铁西区),32,4278
Liaoning,Shenyang,Dongling Qu(东陵区),101,5027
Liaoning,Shenyang,Xinchengzi Qu(新城子区),2,2309
Liaoning,Shenyang,Liaozhong Xian(辽中县),6,5444
Liaoning,Shenyang,Yuhong Qu(于洪区),68,4991
Liaoning,Shenyang,Kangping Xian(康平县),42,3287
Liaoning,Shenyang,Faku Xian(法库县),81,4257
Liaoning,Shenyang,Xinmin Shi(新民市),10,6324
Liaoning,Dalian,Wafangdian Shi(瓦房店市),131,7254
Liaoning,Dalian,Zhuanghe Shi(庄河市),90,6741
Jiangsu,Changzhou,Tianning Qu(天宁区),4,2000
Jiangsu,Changzhou,Zhonglou Qu(钟楼区),4,1664
Jiangsu,Changzhou,Qishuyan Qu(戚墅堰区),1,638
Jiangsu,Suzhou,Canglang Qu(沧浪区),13,1878
Jiangsu,Changzhou,Jiao Qu(郊区),11,3546
Jiangsu,Changzhou,Liyang Shi(溧阳市),41,5275
Jiangsu,Changzhou,Jintan Shi(金坛市),22,3383
Jiangsu,Changzhou,Wujin Shi(武进市),34,10083
Jiangsu,Suzhou,Pingjiang Qu(平江区),7,2504
Jiangsu,Suzhou,Changshu Shi(常熟市),41,8692
Jiangsu,Suzhou,Zhangjiagang Shi(张家港市),35,6804
Jiangsu,Suzhou,Kunshan Shi(昆山市),17,5131
Jiangsu,Suzhou,Wujiang Shi(吴江市),34,5790
Jiangsu,Suzhou,Taicang Shi(太仓市),10,3414
Jiangsu,Suzhou,Wuxian Shi(吴县市),36,7447
Anhui,Chaohu,Hanshan xian(含山县),128,4485
Anhui,Suzhou,Dangshan Xian(砀山县),174,8872
Anhui,Suzhou,Xiao Xian(萧县),200,12651
Anhui,Suzhou,Lingbi Xian(灵璧县),296,11465
Anhui,Chaohu,Juchao Qu(居巢区),191,8702
Anhui,Chaohu,Lujiang Xian(庐江县),377,13528
Anhui,Chaohu,Wuwei Xian(无为县),336,14194
Anhui,Chaohu,He Xian(和县),157,6761
Anhui,Liuan,Jin'an Qu(金安区),152,8931
Anhui,Liuan,Yu'an Qu(裕安区),228,9879
Anhui,Liuan,Jinzhai Xian(金寨县),182,6874
Anhui,Liuan,Huoqiu Xian(霍邱县),559,17221
Anhui,Liuan,Shucheng Xian(舒城县),270,10720
Anhui,Liuan,Huoshan Xian(霍山县),73,3792
Shandong,Jinan,Licheng Qu(历城区),47,8887
Shandong,Jinan,jiyang Xian(济阳县),71,5809
Shandong,Jinan,Shanghe Xian(商河县),119,7159
Shandong,Qingdao,Huangdao Qu(黄岛区),16,2600
Shandong,Jinan,Zhangqiu Shi(章丘市),147,11431
Shandong,Qingdao,Shinan Qu(市南区),13,3197
Shandong,Qingdao,Shibei Qu(市北区),14,3736
Shandong,Qingdao,Laoshan Qu(崂山区),26,2081
Shandong,Qingdao,Licang Qu(李沧区),12,3139
Shandong,Qingdao,Chengyang Qu(城阳区),25,4580
Shandong,Qingdao,Jiaozhou Shi(胶州市),57,8323
Shandong,Qingdao,Jimo Shi(即墨市),81,11328
Shandong,Qingdao,Pingdu Shi(平度市),127,14001
Shandong,Qingdao,Jiaonan Shi(胶南市),72,8307
Shandong,Qingdao,Laixi Xian(莱西市),53,6316
Hubei,Yichang,Wujiagang Qu(伍家岗区),5,1696
Hubei,Yichang,Xiling Qu(西陵区),15,3406
Hubei,Yichang,Dianjun Qu(点军区),8,403
Hubei,Yichang,Xiaoting Qu(猇亭区),1,451
Hubei,Yichang,Zigui Xian(秭归县),59,2695
Hubei,Xiangfan,Xiangcheng Qu(襄城区),14,2429
Hubei,Xiangfan,Nanzhang Xian(南漳县),75,3922
Hubei,Xiangfan,Fancheng Qu(樊城区),18,5453
Hubei,Xiangfan,Xiangyang Xian(襄阳县),195,11385
Hubei,Xiangfan,Gucheng Xian(谷城县),84,4416
Hubei,Xiangfan,Baokang Xian(保康县),53,1695
Hubei,Xiangfan,Laohekou Shi(老河口市),61,4575
Hubei,Xiangfan,Yicheng Shi(宜城市),40,4204
Hubei,Xiangfan,Zaoyang Shi(枣阳市),164,8850
Guangdong,Jiangmen,Pengjiang Qu(蓬江区),36,3961
Guangdong,Jiangmen,Jianghai Qu(江海区),13,1844
Guangdong,Jiangmen,Heshan Shi(鹤山市),7,3837
Guangdong,Jiangmen,Taishan Shi(台山市),92,9303
Guangdong,Jiangmen,Xinhui Shi(新会市),52,8813
Guangdong,Jiangmen,Kaiping Shi(开平市),66,7333
Guangdong,Jiangmen,Enping Shi(恩平市),56,5165
Guangdong,Zhaoqing,Guangning Xian(广宁县),157,7402
Guangdong,Zhaoqing,Fengkai Xian(封开县),120,7082
Guangdong,Zhaoqing,Huaiji Xian(怀集县),316,14178
Guangdong,Zhaoqing,Deqing Xian(德庆县),51,4589
Guangdong,Zhaoqing,Gaoyao Shi(高要市),58,9166
Guangdong,Zhaoqing,Sihui Shi(四会市),54,5463
Guangdong,Dongguan,Dongguan Shi (Urban Districts)(东莞市辖区),252,36463
Guangdong,Zhongshan,Zhongshan Shi (Urban Districts)(中山市辖区),126,20033
Sichuan,Panzhihua,Renhe Qu(仁和区),39,2727
Sichuan,Panzhihua,Miyi Xian(米易县),61,2936
Sichuan,Luzhou,Naxi Qu(纳溪区),89,5227
Sichuan,Luzhou,Jiangyang Qu(江阳区),74,5742
Sichuan,Luzhou,Longmatan Qu(龙马潭区),32,2897
Sichuan,Luzhou,Gulin Xian(古蔺县),373,9389
Sichuan,Luzhou,Lu Xian(泸县),128,8742
Sichuan,Luzhou,Hejiang Xian(合江县),195,7966
Sichuan,Luzhou,Xuyong Xian(叙永县),362,7719
Sichuan,Deyang,Jinyang Qu(旌阳区),76,5560
Sichuan,Deyang,Zhongjiang Xian(中江县),196,12246
Sichuan,Deyang,Luojiang Xian(罗江县),61,1905
Sichuan,Deyang,Shifang Shi(什邡市),39,3128
Sichuan,Deyang,Guanghan Shi(广汉市),55,4612
Sichuan,Deyang,Mianzhu Shi(绵竹市),37,4057
Yunnan,Dehongdaizujingpozu,Ruili Shi(瑞丽市),68,2668
Yunnan,Dehongdaizujingpozu,Lianghe Xian(梁河县),111,2590
Yunnan,Dehongdaizujingpozu,Yingjiang Xian(盈江县),395,5140
Yunnan,Dehongdaizujingpozu,Longchuan Xian(陇川县),60,3091
Yunnan,Lijiangdiqu,Lijiang Naxi Zizhixian(丽江纳西族自治县),208,5216
Yunnan,Lijiangdiqu,Yongsheng Xian(永胜县),244,5993
Yunnan,Lijiangdiqu,Huaping Xian(华坪县),171,2416
Yunnan,Lijiangdiqu,Ninglang Yi Zizhixian(宁蒗彝族自治县),398,4869
Yunnan,Nujianglisuzu,Lushui Xian(泸水县),379,2986
Yunnan,Nujianglisuzu,Fugong Xian(福贡县),203,1961
Yunnan,Diqingcangzu,Zhongdian Xian(中甸县),524,2697
Yunnan,Diqingcangzu,Deqin Xian(德钦县),27,1048
Yunnan,Diqingcangzu,Weixi Autonomous Xian(维西傈僳族自治县),74,2447
Shanxi,Weinan,Hua Xian(华县),32,3637
Shanxi,Weinan,Linwei Qu(临渭区),137,9182
Shanxi,Weinan,Tongguan Xian(潼关县),4,1504
Shanxi,Weinan,Dali Xian(大荔县),250,7301
Shanxi,Weinan,Heyang Xian(合阳县),77,4476
Shanxi,Weinan,Chengcheng Xian(澄城县),52,3501
Shanxi,Weinan,Pucheng Xian(蒲城县),688,8079
Shanxi,Weinan,Baishui Xian(白水县),77,3015
Shanxi,Weinan,Fuping Xian(富平县),345,7838
Shanxi,Yulin,Dingbian Xian(定边县),106,3092
Shanxi,Yulin,Mizhi Xian(米脂县),121,1912
Shanxi,Yulin,Jia Xian(佳县),205,2795
Shanxi,Yulin,Wubao Xian(吴堡县),22,752
Shanxi,Yulin,Qingjian Xian(清涧县),50,1685
Shanxi,Yulin,Zizhou Xian(子洲县),95,3290
Xinjiang,Boertalamenggu,Bole Shi(博乐市),25,2817
Xinjiang,Boertalamenggu,Jinghe Xian(精河县),26,1722
Xinjiang,Boertalamenggu,Wenquan Xian(温泉县),18,802
Xinjiang,Akesudiqu,Akesu Shi(阿克苏市),105,7327
Xinjiang,Akesudiqu,Wensu Xian(温宿县),146,3302
Xinjiang,Akesudiqu,Kuche Xian(库车县),255,7071
Xinjiang,Akesudiqu,Shaya Xian(沙雅县),117,4049
Xinjiang,Akesudiqu,Xinhe Xian(新和县),112,2594
Xinjiang,Akesudiqu,Baicheng Xian(拜城县),115,3235
Xinjiang,Akesudiqu,Wushi Xian(乌什县),106,3972
Xinjiang,Akesudiqu,Awati Xian(阿瓦提县),76,3780
Xinjiang,Akesudiqu,Keping Xian(柯坪县),29,740
Xinjiang,Yilihasake,Kuitun Shi(奎屯市),18,2999
Xinjiang,Tachengdi,Tacheng Shi(塔城市),28,1893
Hebei,Tangshan,Lunan Qu(路南区),21,2785
Hebei,Tangshan,Lubei Qu(路北区),21,5217
Hebei,Tangshan,Guye Qu(古冶区),16,2816
Hebei,Tangshan,Kaiping Qu(开平区),14,2433
Hebei,Tangshan,Xing Qu(新区),13,1802
Hebei,Tangshan,Fengrun Xian(丰润县),82,7555
Hebei,Tangshan,Luannan Xian(滦南县),50,6159
Hebei,Tangshan,Leting Xian(乐亭县),46,4215
Hebei,Qinhuangdao,Haigang Qu(海港区),23,5190
Hebei,Qinhuangdao,Shanhaiguan Qu(山海关区),11,1448
Hebei,Qinhuangdao,Beidaihe Qu(北戴河区),3,602
Hebei,Qinhuangdao,Qinglong Manzu Zizhixian(青龙满族自治县),179,5185
Hebei,Qinhuangdao,Funing Xian(抚宁县),73,5243
Hebei,Qinhuangdao,Changli Xian(昌黎县),56,5605
Hebei,Qinhuangdao,Lulong Xian(卢龙县),82,4793
Shanxi,Jincheng,Qinshui Xian(沁水县),38,2469
Shanxi,Jincheng,Yangcheng Xian(阳城县),80,4898
Shanxi,Jincheng,Lingchuan Xian(陵川县),45,3348
Shanxi,Jincheng,Zezhou Xian(泽州县),60,7117
Shanxi,Jincheng,Gaoping Shi(高平市),80,6753
Shanxi,Shuozhou,Shuocheng Qu(朔城区),111,5459
Shanxi,Shuozhou,Pinglu Qu(平鲁区),106,2477
Shanxi,Shuozhou,Shanyin Xian(山阴县),142,3070
Shanxi,Shuozhou,Ying Xian(应县),177,3957
Shanxi,Shuozhou,Youyu Xian(右玉县),58,1540
Shanxi,Shuozhou,Huairen Xian(怀仁县),134,4077
Shanxi,Jinzhong,Shouyang Xian(寿阳县),29,2280
Shanxi,Jinzhong,Taigu Xian(太谷县),59,3518
Shanxi,Jinzhong,Qi Xian(祁县),39,2992
Liaoning,Fuxin,Haizhou Qu(海州区),7,1891
Liaoning,Fuxin,Xinqiu Qu(新邱区),4,314
Liaoning,Fuxin,Taiping Qu(太平区),7,783
Liaoning,Fuxin,Qinghemen Qu(清河门区),3,562
Liaoning,Fuxin,Xihe Qu(细河区),6,1233
Liaoning,Fuxin,Fuxin Mongolian Zizhixian(阜新蒙古族自治县),66,7137
Liaoning,Fuxin,Zhangwu Xian(彰武县),43,3777
Liaoning,Chaoyang,Shuangta Qu(双塔区),9,3203
Liaoning,Chaoyang,Longcheng Qu(龙城区),8,1716
Liaoning,Huludao,Longgang Qu(龙港区),1,1531
Liaoning,Huludao,Lianshan Qu(连山区),31,5326
Liaoning,Huludao,Nanpiao Qu(南票区),11,1156
Liaoning,Huludao,Suizhong Xian(绥中县),19,6533
Liaoning,Huludao,Jianchang Xian(建昌县),80,6006
Liaoning,Huludao,Xingcheng Shi(兴城市),55,5961
Jiangsu,Wuxi,Mashan Qu(马山区),,262
Jiangsu,Wuxi,Jiangyin Shi(江阴市),80,10444
Jiangsu,Wuxi,Yixing Shi(宜兴市),75,8141
Jiangsu,Wuxi,Xishan Shi(锡山市),69,9114
Jiangsu,Xuzhou,Gulou Qu(鼓楼区),5,2186
Jiangsu,Xuzhou,Yunlong Qu(云龙区),5,1830
Jiangsu,Xuzhou,Jiuli Qu(九里区),5,1327
Jiangsu,Xuzhou,Jiawang Qu(贾汪区),46,4217
Jiangsu,Xuzhou,Quanshan Qu(泉山区),14,3550
Jiangsu,Xuzhou,Feng Xian(丰县),102,9249
Jiangsu,Xuzhou,Pei Xian(沛县),148,8843
Jiangsu,Xuzhou,Tongshan Xian(铜山县),152,10117
Jiangsu,Xuzhou,Suining Xian(睢宁县),182,9877
Jiangsu,Xuzhou,Xinyi Shi(新沂市),114,7801
Jiangsu,Xuzhou,Qizhou Shi(邳州市),210,12508
Anhui,Chuzhou,Lai'an Xian(来安县),102,5176
Anhui,Chuzhou,Quanjiao Xian(全椒县),107,4691
Anhui,Chuzhou,Dingyuan Xian(定远县),355,9671
Anhui,Chuzhou,Mingguang Shi(明光市),188,7114
Anhui,Chuzhou,Tianchang Shi(天长市),112,7096
Anhui,Fuyang,Yingzhou Qu(颍州区),152,6430
Anhui,Fuyang,Yingquan Qu(颍泉区),198,6586
Anhui,Fuyang,Yingdong Qu(颍东区),195,6170
Anhui,Fuyang,Linquan Xian(临泉县),482,24174
Anhui,Fuyang,Taihe Xian(太和县),582,17640
Anhui,Fuyang,Funan Xian(阜南县),558,18123
Anhui,Fuyang,Yingshang Xian(颍上县),941,17164
Anhui,Fuyang,Jieshou Shi(界首市),235,6889
Anhui,Suzhou,Yongqiao Qu(埇桥区),578,17553
Anhui,Suzhou,Si Xian(泗县),277,9201
Shandong,Qingdao,Sifang Qu(四方区),10,3047
Shandong,Zibo,Boshan Qu(博山区),43,4043
Shandong,Zibo,Zichuan Qu(淄川区),62,7110
Shandong,Zibo,Zhangdian Qu(张店区),39,7193
Shandong,Zibo,Linzi Qu(临淄区),59,6620
Shandong,Zibo,Zhoucun Qu(周村区),36,3781
Shandong,Zibo,Huantai Xian(桓台县),66,6094
Shandong,Zibo,Gaoqing Xian(高青县),63,4453
Shandong,Zibo,Yiyuan Xian(沂源县),78,6164
Shandong,Liaocheng,Chiping Xian(茌平县),98,6253
Shandong,Liaocheng,Dongchangfu Qu(东昌府区),146,10641
Shandong,Liaocheng,Yanggu Xian(阳谷县),338,8933
Shandong,Liaocheng,Shen Xian(莘县),257,10571
Shandong,Liaocheng,Gaotang Xian(高唐县),238,5223
Shandong,Liaocheng,Linqing Shi(临清市),140,7111
Hubei,Ezhou,Liangzihu Qu(梁子湖区),39,1764
Hubei,Ezhou,Huarong Qu(华容区),20,2033
Hubei,Ezhou,Echeng Qu(鄂城区),49,5947
Hubei,Jingmen,Dongbao Qu(东宝区),21,4839
Hubei,Jingmen,Jingshan Xian(京山县),62,5036
Hubei,Jingmen,Shayang Xian(沙洋县),45,3821
Hubei,Jingmen,Zhongxiang Shi(钟祥市),53,7118
Hubei,Xiaogan,Xiaonan Qu(孝南区),101,6755
Hubei,Xiaogan,Xiaochang Xian(孝昌县),38,5277
Hubei,Xiaogan,Dawu Xian(大悟县),126,6038
Hubei,Xiaogan,Yunmeng Xian(云梦县),85,4680
Hubei,Xiaogan,Yingcheng Shi(应城市),137,5264
Hubei,Xiaogan,Anlu Shi(安陆市),90,5313
Hubei,Xiaogan,Hanchuan Shi(汉川市),100,7983
Hubei,Suizhou,Zengdu Qu(曾都区),148,10815
Guangdong,Zhaoqing,Duanzhou Qu(端州区),54,4355
Guangdong,Zhaoqing,Dinghu Qu(鼎湖区),10,1061
Guangdong,Huizhou,Longmen Xian(龙门县),45,2856
Guangdong,Huizhou,Huicheng Qu(惠城区),45,5599
Guangdong,Huizhou,Boluo Xian(博罗县),91,8176
Guangdong,Huizhou,Huidong Xian(惠东县),65,7201
Guangdong,Huizhou,Huiyang Shi(惠阳市),55,6064
Guangdong,Meizhou,Dapu Xian(大埔县),153,4500
Guangdong,Meizhou,Mei Xian(梅县),47,4664
Guangdong,Meizhou,Fengshun Xian(丰顺县),68,7478
Guangdong,Meizhou,Pingyuan Xian(平远县),23,2135
Guangdong,Meizhou,Wuhua Xian(五华县),179,11638
Guangdong,Meizhou,Jiaoling Xian(蕉岭县),25,1961
Guangdong,Meizhou,Xingning Shi(兴宁市),310,9629
Sichuan,Mianyang,Youxian Qu(游仙区),47,3920
Sichuan,Mianyang,Fuling Qu(涪城区),55,6732
Sichuan,Mianyang,Santai Xian(三台县),245,11550
Sichuan,Mianyang,Yanting Xian(盐亭县),142,4809
Sichuan,Mianyang,An Xian(安县),67,4205
Sichuan,Mianyang,Zitong Xian(梓潼县),76,2851
Sichuan,Mianyang,Beichuan Xian(北川县),37,1838
Sichuan,Mianyang,Pingwu Xian(平武县),44,2105
Sichuan,Guangyuan,Shizhong Qu(市中区),78,5317
Sichuan,Mianyang,Jiangyou Shi(江油市),94,7357
Sichuan,Guangyuan,Yuanba Qu(元坝区),111,2267
Sichuan,Guangyuan,Wangcang Xian(旺苍县),158,6399
Sichuan,Guangyuan,Qingchuan Xian(青川县),94,2779
Sichuan,Guangyuan,Jiange Xian(剑阁县),160,5548
Sichuan,Guangyuan,Cangxi Xian(苍溪县),137,5534
Yunnan,Honghehanizuyizu,Kaiyuan Shi(开远市),152,4035
Yunnan,Honghehanizuyizu,Gejiu Shi(个旧市),242,6637
Yunnan,Honghehanizuyizu,Mengzi Xian(蒙自县),723,5802
Yunnan,Honghehanizuyizu,Pingbian Miao Zizhixian(屏边苗族自治县),793,3222
Yunnan,Honghehanizuyizu,Shiping Xian(石屏县),170,4610
Yunnan,Honghehanizuyizu,Jianshui Xian(建水县),1223,8849
Yunnan,Honghehanizuyizu,Mile Xian(弥勒县),765,9375
Yunnan,Honghehanizuyizu,Luxi Xian(泸西县),887,7638
Yunnan,Honghehanizuyizu,Yuanyang Xian(元阳县),1065,8457
Yunnan,Honghehanizuyizu,Honghe Xian(红河县),839,6276
Yunnan,Honghehanizuyizu,Luchun Xian(绿春县),1224,5013
Yunnan,Honghehanizuyizu,Hekou Yao Zizhixian(河口瑶族自治县),186,2019
Yunnan,Wenshanzhuangzumiaozu,Qiubei Xian(丘北县),756,9643
Yunnan,Wenshanzhuangzumiaozu,Guangnan Xian(广南县),1268,16343
Shanxi,Hanzhong,Nanzheng Xian(南郑县),78,5456
Shanxi,Hanzhong,Chenggu Xian(城固县),126,5115
Shanxi,Hanzhong,Yang Xian(洋县),179,4496
Shanxi,Hanzhong,Xixiang Xian(西乡县),43,3629
Shanxi,Hanzhong,Mian Xian(勉县),41,3527
Shanxi,Hanzhong,Ningqiang Xian(宁强县),56,3410
Shanxi,Hanzhong,Lueyang Xian(略阳县),23,1702
Shanxi,Hanzhong,Zhenba Xian(镇巴县),119,3381
Shanxi,Hanzhong,Liuba Xian(留坝县),8,395
Shanxi,Yulin,Yuyang Qu(榆阳区),212,4192
Shanxi,Yulin,Shenmu Xian(神木县),179,4115
Shanxi,Yulin,Fugu Xian(府谷县),137,2397
Shanxi,Yulin,Hengshan Xian(横山县),254,3680
Shanxi,Yulin,Jingbian Xian(靖边县),110,2522
Shanxi,Yulin,Suide Xian(绥德县),130,3260
Xinjiang,Yilidiqu,Yining Shi(伊宁市),33,5563
Xinjiang,Yilidiqu,Yining Xian(伊宁县),115,7006
Xinjiang,Yilidiqu,Huocheng Xian(霍城县),62,4748
Xinjiang,Yilidiqu,Gongliu Xian(巩留县),20,2343
Xinjiang,Yilidiqu,Xinyuan Xian(新源县),60,3792
Xinjiang,Yilidiqu,Zhaosu Xian(昭苏县),67,2259
Xinjiang,Yilidiqu,Tekesi Xian(特克斯县),31,1972
Xinjiang,Yilidiqu,Nileke Xian(尼勒克县),39,2029
Xinjiang,Tachengdi,Wusu Shi(乌苏市),25,2639
Xinjiang,Tachengdi,Emin Xian(额敏县),32,2564
Xinjiang,Tachengdi,Shawan Xian(沙湾县),41,2707
Xinjiang,Tachengdi,Tuoli Xian(托里县),15,1411
Xinjiang,Tachengdi,Yumin Xian(裕民县),11,598
Hebei,Shijiazhuang,Qiaodong Qu(桥东区),6,3129
Hebei,Shijiazhuang,Chang'an Qu(长安区),26,5115
Hebei,Shijiazhuang,Qiaoxi Qu(桥西区),13,2897
Hebei,Shijiazhuang,Xinhua Qu(新华区),14,4021
Hebei,Shijiazhuang,Jiao Qu(郊区),10,3903
Hebei,Shijiazhuang,Jingxingkuang Qu(井陉矿区),19,928
Hebei,Shijiazhuang,Xinji Shi(辛集市),107,7054
Hebei,Shijiazhuang,Jinzhou Shi(晋州市),49,5866
Hebei,Shijiazhuang,Xinle Shi(新乐市),43,4947
Hebei,Tangshan,Luan Xian(滦县),81,5617
Hebei,Tangshan,Qianxi Xian(迁西县),53,4275
Hebei,Tangshan,Tanghai Xian(唐海县),11,1294
Hebei,Tangshan,Yutian Xian(玉田县),75,6681
Hebei,Tangshan,Zunhua Shi(遵化市),85,8260
Hebei,Tangshan,Fengnan Shi(丰南市),59,5684
Hebei,Tangshan,Qian'an Shi(迁安市),109,6917
Shanxi,Jincheng,Cheng Qu(城区),19,4477
Shanxi,Linfen,Quwo Xian(曲沃县),21,2721
Shanxi,Linfen,Yaodu Qu(尧都区),112,9362
Shanxi,Linfen,Yicheng Xian(翼城县),37,4598
Shanxi,Linfen,Xiangfen Xian(襄汾县),38,6023
Shanxi,Linfen,Hongdong Xian(洪洞县),68,10091
Shanxi,Linfen,Gu Xian(古县),8,1079
Shanxi,Linfen,Anze Xian(安泽县),35,983
Shanxi,Linfen,Fushan Xian(浮山县),61,1763
Shanxi,Linfen,Ji Xian(吉县),30,1419
Shanxi,Linfen,Xiangning Xian(乡宁县),11,3297
Shanxi,Linfen,Daning Xian(大宁县),18,886
Shanxi,Linfen,Xi Xian(隰县),21,1373
Shanxi,Linfen,Yonghe Xian(永和县),24,898
Shanxi,Linfen,Houma Shi(侯马市),28,3070
Shanxi,Linfen,Huozhou Shi(霍州市),23,3721
Liaoning,Tieling,Yinzhou Qu(银州区),28,2472
Liaoning,Tieling,Qinghe Qu(清河区),8,844
Liaoning,Tieling,Tieling Xian(铁岭县),15,3384
Liaoning,Tieling,Xifeng Xian(西丰县),21,3040
Liaoning,Tieling,Changtu Xian(昌图县),44,9351
Liaoning,Tieling,Tiefa Shi(铁法市),26,2410
Liaoning,Tieling,Kaiyuan Shi(开原市),23,4737
Liaoning,Chaoyang,Chaoyang Xian(朝阳县),38,6730
Liaoning,Chaoyang,Jianping Xian(建平县),110,6238
Liaoning,Chaoyang,Beipiao Shi(北票市),38,5319
Liaoning,Chaoyang,Lingyuan Shi(凌源市),102,7536
Jilin,Songyuan,Ningjiang Qu(宁江区),73,6164
Jilin,Songyuan,Changling Xian(长岭县),24,5376
Jilin,Songyuan,Qian'an Xian(乾安县),13,2513
Jilin,Songyuan,Fuyu Xian(扶余县),104,6578
Jiangsu,Nanjing,Qinhuai Qu(秦淮区),9,1859
Jiangsu,Nanjing,Gulou Qu(鼓楼区),6,3799
Jiangsu,Nanjing,Xiaguan Qu(下关区),9,2454
Jiangsu,Nanjing,Pukou Qu(浦口区),12,1363
Jiangsu,Nanjing,Dachang Qu(大厂区),7,1811
Jiangsu,Nanjing,Qixia Qu(栖霞区),11,2822
Jiangsu,Nanjing,Yuhuatai Qu(雨花台区),8,1974
Jiangsu,Nanjing,Jiangpu Xian(江浦县),28,2028
Jiangsu,Nanjing,Jiangning Xian(江宁县),52,5469
Jiangsu,Nanjing,Luhe Xian(六合县),77,4865
Jiangsu,Nanjing,Lishui Xian(溧水县),35,2938
Jiangsu,Nanjing,Gaochun Xian(高淳县),46,3146
Jiangsu,Wuxi,Chong'an Qu(崇安区),4,1030
Jiangsu,Wuxi,Nanchang Qu(南长区),3,1315
Jiangsu,Wuxi,Beitang Qu(北塘区),2,1237
Jiangsu,Wuxi,Jiao Qu(郊区),66,6245
Anhui,Huangshan,Tunxi Qu(屯溪区),15,1450
Anhui,Huangshan,Huangshan Qu(黄山区),33,1241
Anhui,Huangshan,Huizhou Qu(徽州区),11,775
Anhui,Huangshan,She Xian(歙县),78,4056
Anhui,Huangshan,Xiuning Xian(休宁县),35,2178
Anhui,Huangshan,Yi Xian(黟县),20,824
Anhui,Huangshan,Qimen Xian(祁门县),62,2026
Anhui,Chuzhou,Langya Qu(琅琊区),11,2728
Anhui,Chuzhou,Nanjiao Qu(南谯区),60,2674
Anhui,Chuzhou,Fengyang Xian(凤阳县),283,8301
Anhui,Xuancheng,Guangde Xian(广德县),66,4780
Anhui,Xuancheng,Jing Xian(泾县),42,2719
Anhui,Xuancheng,Jixi Xian(绩溪县),29,1433
Anhui,Xuancheng,Jingde Xian(旌德县),16,1134
Anhui,Xuancheng,Ningguo Shi(宁国市),44,2970
Shandong,Liaocheng,Dong'e Xian(东阿县),158,4143
Shandong,Liaocheng,Guan Xian(冠县),187,8540
Shandong,Binzhou,Huimin Xian(惠民县),128,6855
Shandong,Binzhou,Bincheng Qu(滨城区),102,7419
Shandong,Binzhou,Yangxin Xian(阳信县),114,5016
Shandong,Binzhou,Wudi Xian(无棣县),77,5326
Shandong,Binzhou,Zhanhua Xian(沾化县),52,3525
Shandong,Binzhou,Boxing Xian(博兴县),82,6367
Shandong,Binzhou,Zouping Xian(邹平县),135,8428
Shandong,Heze,Mudan Qu(牡丹区),220,14354
Shandong,Heze,Cao Xian(曹县),307,16309
Shandong,Heze,Juancheng Xian(鄄城县),223,8917
Shandong,Heze,Juye Xian(巨野县),269,10550
Shandong,Heze,Yuncheng Xian(郓城县),400,13545
Shandong,Heze,Dingtao Xian(定陶县),165,6960
Hubei,Enshitujiazumiaozu,Jianshi Xian(建始县),164,4733
Hubei,Suizhou,Guangshui Shi(广水市),155,7154
Hubei,Enshitujiazumiaozu,Enshi Shi(恩施市),200,8175
Hubei,Enshitujiazumiaozu,Lichuan Shi(利川市),308,8614
Hubei,Enshitujiazumiaozu,Badong Xian(巴东县),111,4181
Hubei,Enshitujiazumiaozu,Xuan'en Xian(宣恩县),137,4004
Hubei,Enshitujiazumiaozu,Xianfeng Xian(咸丰县),163,4109
Hubei,Enshitujiazumiaozu,Laifeng Xian(来凤县),130,3049
Hubei,Enshitujiazumiaozu,Hefeng Xian(鹤峰县),58,2020
Hubei,Hubei (Direct Units),Xiantao Shi(仙桃市),208,10315
Hubei,Hubei (Direct Units),Qianjiang Shi(潜江市),63,7910
Hubei,Hubei (Direct Units),Tianmen Shi(天门市),60,10759
Hubei,Hubei (Direct Units),Shennongjia Linqu(神农架林区),12,613
Hunan,Chenzhou,Jiahe Xian(嘉禾县),40,3932
Hunan,Chenzhou,Linwu Xian(临武县),140,3224
Hunan,Chenzhou,Zixing Shi(资兴市),82,3548
Guangdong,Meizhou,Meijiang Qu(梅江区),34,3314
Guangdong,Shanwei,Cheng Qu(城区),71,5619
Guangdong,Shanwei,Haifeng Xian(海丰县),210,8288
Guangdong,Shanwei,Luhe Xian(陆河县),35,3596
Guangdong,Heyuan,Yuancheng Qu(源城区),56,2819
Guangdong,Shanwei,Lufeng Shi(陆丰市),118,20199
Guangdong,Heyuan,Zijin Xian(紫金县),218,8895
Guangdong,Heyuan,Longchuan Xian(龙川县),177,8383
Guangdong,Heyuan,Lianping Xian(连平县),125,4003
Guangdong,Heyuan,Heping Xian(和平县),145,4340
Guangdong,Heyuan,Dongyuan Xian(东源县),96,3923
Guangdong,Yangjiang,Yangxi Xian(阳西县),260,4859
Guangdong,Yangjiang,Jiangcheng Qu(江城区),152,6256
Guangdong,Yangjiang,Yandong Xian(阳东县),149,4657
Guangdong,Yangjiang,Yangchun Shi(阳春市),509,9699
Guangdong,Qingyuan,Lianzhou Shi(连州市),164,4154
Sichuan,Guangyuan,Chaotian Qu(朝天区),85,3150
Sichuan,Suining,Shizhong Qu(市中区),144,13141
Sichuan,Suining,Pengxi Xian(蓬溪县),67,5921
Sichuan,Suining,Shehong Xian(射洪县),131,7945
Sichuan,Suining,Daying Xian(大英县),95,4032
Sichuan,Yibin,Nanxi Xian(南溪县),49,3932
Sichuan,Yibin,Jiang'an Xian(江安县),94,5720
Sichuan,Yibin,Changning Xian(长宁县),96,4168
Sichuan,Yibin,Gao Xian(高县),126,5341
Sichuan,Yibin,Xingwen Xian(兴文县),141,5825
Sichuan,Yibin,Pingshan Xian(屏山县),114,3520
Sichuan,Ziyang,Yanjiang Qu(雁江区),131,7868
Sichuan,Ziyang,Anyue Xian(安岳县),264,12429
Sichuan,Ziyang,Lezhi Xian(乐至县),133,7197
Sichuan,Ziyang,Jianyang Shi(简阳市),109,12802
Yunnan,Wenshanzhuangzumiaozu,Wenshan Xian(文山县),700,7879
Yunnan,Wenshanzhuangzumiaozu,Yanshan Xian(砚山县),417,8943
Yunnan,Wenshanzhuangzumiaozu,Xichou Xian(西畴县),135,4222
Yunnan,Wenshanzhuangzumiaozu,Malipo Xian(麻栗坡县),252,5103
Yunnan,Wenshanzhuangzumiaozu,Maguan Xian(马关县),486,6443
Yunnan,Wenshanzhuangzumiaozu,Funing Xian(富宁县),443,8045
Yunnan,Simaodiqu,Simao Shi(思茅市),72,3179
Yunnan,Simaodiqu,Mojiang Hani Zizhixian(墨江哈尼族自治县),576,7385
Yunnan,Simaodiqu,Jingdong Yi Zizhixian(景东彝族自治县),237,5673
Yunnan,Simaodiqu,Lancang Lahu Zizhixian(澜沧拉祜族自治县),1318,9291
Yunnan,Simaodiqu,Ximeng Va Zizhixian(西盟佤族自治县),105,1526
Shanxi,Hanzhong,Hantai Qu(汉台区),43,4447
Shanxi,Hanzhong,Foping Xian(佛坪县),15,312
Shanxi,Ankang,Hanyin Xian(汉阴县),103,2557
Shanxi,Ankang,Hanbin Qu(汉滨区),127,8203
Shanxi,Ankang,Shiquan Xian(石泉县),22,1131
Shanxi,Ankang,Ningshan Xian(宁陕县),11,567
Shanxi,Ankang,Ziyang Xian(紫阳县),66,2455
Shanxi,Ankang,Langao Xian(岚皋县),36,1140
Shanxi,Ankang,Pingli Xian(平利县),57,1592
Shanxi,Ankang,Zhenping Xian(镇坪县),8,478
Shanxi,Ankang,Xunyang Xian(旬阳县),123,3524
Shanxi,Ankang,Baihe Xian(白河县),46,1133
Shanxi,Shangluodiqu,Shangzhou Shi(商州市),242,5106
Shanxi,Shangluodiqu,Luonan Xian(洛南县),154,3861
Shanxi,Shangluodiqu,Danfeng Xian(丹凤县),83,2634
Shanxi,Shangluodiqu,Zhashui Xian(柞水县),86,1537
Xinjiang,Aletaidi,Aletai Shi(阿勒泰市),32,2264
Xinjiang,Aletaidi,Bu'erjin Xian(布尔津县),32,911
Xinjiang,Aletaidi,Fuyun Xian(富蕴县),34,1325
Xinjiang,Aletaidi,Fuhai Xian(福海县),8,944
Xinjiang,Aletaidi,Habahe Xian(哈巴河县),30,1221
Xinjiang,Aletaidi,Qinghe Xian(青河县),37,880
Xinjiang,Aletaidi,Jimunai Xian(吉木乃县),13,530
Xinjiang,Xinjiang (Direct Units),Shihezi Shi(石河子市),53,5935
Hebei,Shijiazhuang,Jingxing Xian(井陉县),111,4003
Hebei,Shijiazhuang,Luancheng Xian(栾城县),49,4174
Hebei,Shijiazhuang,Zhengding Xian(正定县),55,6515
Hebei,Shijiazhuang,Xingtang Xian(行唐县),91,4932
Hebei,Shijiazhuang,Lingshou Xian(灵寿县),57,3643
Hebei,Shijiazhuang,Gaoyi Xian(高邑县),23,1927
Hebei,Shijiazhuang,Shenze Xian(深泽县),44,2925
Hebei,Shijiazhuang,Zanhuang Xian(赞皇县),48,3042
Hebei,Shijiazhuang,Wuji Xian(无极县),69,5621
Hebei,Shijiazhuang,Pingshan Xian(平山县),114,5383
Hebei,Shijiazhuang,Yuanshi Xian(元氏县),26,4758
Hebei,Shijiazhuang,Zhao Xian(赵县),44,6121
Hebei,Shijiazhuang,Gaocheng Shi(藁城市),59,8776
Hebei,Shijiazhuang,Luquan Shi(鹿泉市),88,4617
Hebei,Cangzhou,Xinghua Qu(新华区),21,2423
Hebei,Cangzhou,Yunhe Qu(运河区),39,3516
Shanxi,Linfen,Pu Xian(蒲县),18,1326
Shanxi,Linfen,Fenxi Xian(汾西县),23,1947
Shanxi,Lvliangdiqu,Xiaoyi Shi(孝义市),45,5722
Shanxi,Lvliangdiqu,Lishi Shi(离石市),32,3506
Shanxi,Lvliangdiqu,Fenyang Shi(汾阳市),122,5634
Shanxi,Lvliangdiqu,Wenshui Xian(文水县),40,5454
Shanxi,Lvliangdiqu,Jiaocheng Xian(交城县),25,3277
Shanxi,Lvliangdiqu,Xing Xian(兴县),56,4252
Shanxi,Lvliangdiqu,Lin Xian(临县),256,9467
Shanxi,Lvliangdiqu,Liulin Xian(柳林县),31,4310
Shanxi,Lvliangdiqu,Shilou Xian(石楼县),18,1649
Shanxi,Lvliangdiqu,Lan Xian(岚县),52,2644
Shanxi,Lvliangdiqu,Fangshan Xian(方山县),34,2115
Shanxi,Lvliangdiqu,Zhongyang Xian(中阳县),21,2071
Shanxi,Lvliangdiqu,Jiaokou Xian(交口县),83,1884
Neimenggu,Wuhai,Hainan Qu(海南区),23,1150
Jilin,Liaoyuan,Longshan Qu(龙山区),7,2464
Jilin,Liaoyuan,Xi'an Qu(西安区),7,1450
Jilin,Tonghua,Dongchang Qu(东昌区),6,3273
Jilin,Tonghua,Erdaojiang Qu(二道江区),12,1481
Jilin,Tonghua,Tonghua Xian(通化县),30,2617
Jilin,Tonghua,Huinan Xian(辉南县),58,3811
Jilin,Tonghua,Liuhe Xian(柳河县),30,3743
Jilin,Tonghua,Ji'an Shi(集安市),21,2359
Jilin,Tonghua,Meihekou Shi(梅河口市),109,6538
Jilin,Baishan,Badaojiang Qu(八道江区),2,2756
Jilin,Baishan,Fusong Xian(抚松县),10,2322
Jilin,Baishan,Jingyu Xian(靖宇县),15,1037
Jilin,Baishan,Changbai Korean Zizhixian(长白朝鲜族自治县),3,664
Jilin,Baishan,Jiangyuan Xian(江源县),6,1707
Jilin,Baishan,Linjiang Shi(临江市),21,1150
Jilin,Songyuan,Qianguo'erluosi Mongolian Zizhixia(前郭尔罗斯蒙古族自治县),150,5176
Jiangsu,Nanjing,Baixia Qu(白下区),12,2369
Jiangsu,Nanjing,Xuanwu Qu(玄武区),7,2993
Jiangsu,Nanjing,Jianye Qu(建邺区),11,2276
Jiangsu,Yancheng,Xiangshui Xian(响水县),147,5473
Jiangsu,Yancheng,Cheng Qu(城区),59,7153
Jiangsu,Yancheng,Binhai Xian(滨海县),211,8963
Jiangsu,Yancheng,Funing Xian(阜宁县),171,8338
Jiangsu,Yancheng,Sheyang Xian(射阳县),155,8774
Jiangsu,Yancheng,Jianhu Xian(建湖县),99,7340
Jiangsu,Yancheng,Yandu Xian(盐都县),121,6815
Jiangsu,Yancheng,Dongtai Shi(东台市),108,7775
Jiangsu,Yancheng,Dafeng Shi(大丰市),72,5325
Jiangsu,Suqian,Suyu Xian(宿豫县),221,8225
Jiangsu,Suqian,Shuyang Xian(沭阳县),272,17069
Jiangsu,Suqian,Siyang Xian(泗阳县),213,11952
Jiangsu,Suqian,Sihong Xian(泗洪县),165,10036
Anhui,Xuancheng,Langxi Xian(郎溪县),71,3596
Anhui,Xuancheng,Xuanzhou Qu(宣州区),163,8811
Fujian,Sanming,Meilie Qu(梅列区),16,1648
Fujian,Sanming,Sanyuan Qu(三元区),17,1807
Fujian,Sanming,Ninghua Xian(宁化县),76,3006
Fujian,Quanzhou,Licheng Qu(鲤城区),20,2186
Fujian,Quanzhou,Fengze Qu(丰泽区),14,3059
Fujian,Quanzhou,Luojiang Qu(洛江区),24,2041
Fujian,Quanzhou,Quangang Qu(泉港区),39,3121
Fujian,Quanzhou,Hui'an Xian(惠安县),131,10077
Fujian,Quanzhou,Anxi Xian(安溪县),354,10190
Fujian,Quanzhou,Yongchun Xian(永春县),106,6185
Fujian,Quanzhou,Dehua Xian(德化县),73,3383
Fujian,Quanzhou,Shishi Shi(石狮市),30,3649
Fujian,Quanzhou,Jinjiang Shi(晋江市),134,12705
Fujian,Quanzhou,Nan'an Shi(南安市),205,14280
Shandong,Weihai,Huancui Qu(环翠区),23,5877
Shandong,Weihai,Wendeng Shi(文登市),23,3910
Shandong,Weihai,Rongcheng Shi(荣成市),65,4449
Shandong,Weihai,Rushan Shi(乳山市),27,2830
Shandong,Rizhao,Donggang Qu(东港区),154,14238
Shandong,Rizhao,Wulian Xian(五莲县),71,5382
Shandong,Laiwu,Gangcheng Qu(钢城区),16,2856
Shandong,Rizhao,Ju Xian(莒县),173,13232
Shandong,Laiwu,Laicheng Qu(莱城区),114,11529
Shandong,Linyi,Lanshan Qu(兰山区),107,10224
Shandong,Linyi,Luozhuang Qu(罗庄区),44,4699
Shandong,Linyi,Hedong Qu(河东区),108,7133
Shandong,Linyi,Yinan Xian(沂南县),155,11054
Shandong,Heze,Dan Xian(单县),189,12662
Shandong,Heze,Chengwu Xian(成武县),123,7122
Shandong,Heze,Dongming Xian(东明县),147,8519
Hunan,Chenzhou,Beihu Qu(北湖区),34,3584
Hunan,Chenzhou,Suxian Qu(苏仙区),61,3529
Hunan,Chenzhou,Yizhang Xian(宜章县),110,5715
Hunan,Chenzhou,Guiyang Xian(桂阳县),149,8310
Hunan,Chenzhou,Yongxing Xian(永兴县),178,5964
Hunan,Chenzhou,Rucheng Xian(汝城县),193,3960
Hunan,Chenzhou,Guidong Xian(桂东县),66,1821
Hunan,Chenzhou,Anren Xian(安仁县),166,4143
Hunan,Yongzhou,Lengshuitan Qu(冷水滩区),38,4077
Hunan,Yongzhou,Zhishan Qu(芝山区),126,6152
Hunan,Yongzhou,Shuangpai Xian(双牌县),41,1578
Hunan,Yongzhou,Dao Xian(道县),128,6197
Hunan,Yongzhou,Jiangyong Xian(江永县),41,2522
Hunan,Yongzhou,Ningyuan Xian(宁远县),175,6897
Hunan,Yongzhou,Lanshan Xian(蓝山县),74,3753
Hunan,Yongzhou,Xintian Xian(新田县),38,3977
Guangdong,Qingyuan,Fogang Xian(佛冈县),64,3104
Guangdong,Qingyuan,Qingcheng Qu(清城区),63,5329
Guangdong,Qingyuan,Yangshan Xian(阳山县),177,4298
Guangdong,Qingyuan,Liannan Yao Zizhixian(连南瑶族自治县),110,1917
Guangdong,Qingyuan,Qingxin Xian(清新县),185,8160
Guangdong,Qingyuan,Yingde Shi(英德市),287,10996
Guangdong,Chaozhou,Xiangqiao Qu(湘桥区),19,3474
Guangdong,Chaozhou,Raoping Xian(饶平县),97,10780
Guangdong,Chaozhou,Chao'an Xian(潮安县),47,14765
Guangdong,Jieyang,Rongcheng Qu(榕城区),70,7305
Guangdong,Jieyang,Jiedong Xian(揭东县),64,15244
Guangdong,Jieyang,Jiexi Xian(揭西县),53,12238
Guangdong,Jieyang,Huilai Xian(惠来县),59,13804
Guangdong,Yunfu,Yuncheng Qu(云城区),33,2189
Guangdong,Jieyang,Puning Shi(普宁市),196,24071
Sichuan,Yibin,Cuiping Qu(翠屏区),135,8409
Sichuan,Yibin,Yibin Xian(宜宾县),239,10033
Sichuan,Yibin,Gong Xian(珙县),170,4546
Sichuan,Yibin,Junlian Xian(筠连县),233,4555
Sichuan,Guangan,Linshui Xian(邻水县),137,11032
Sichuan,Guangan,Guang'an Qu(广安区),17,13074
Sichuan,Guangan,Yuechi Xian(岳池县),18,13277
Sichuan,Guangan,Wusheng Xian(武胜县),13,9190
Sichuan,Guangan,Huaying Shi(华蓥市),21,4252
Sichuan,Dazhou,Tongchuan Qu(通川区),44,4668
Sichuan,Dazhou,Da Xian(达县),316,12607
Sichuan,Dazhou,Xuanhan Xian(宣汉县),335,13300
Sichuan,Dazhou,Kaijiang Xian(开江县),231,6296
Sichuan,Dazhou,Wanyuan Shi(万源市),459,7078
Sichuan,Dazhou,Dazhu Xian(大竹县),185,9184
Sichuan,Dazhou,Qu Xian(渠县),309,14386
Sichuan,Yaan,Yucheng Qu(雨城区),19,3077
Yunnan,Xishuangbannadaizu,Menghai Xian(勐海县),445,5380
Yunnan,Xishuangbannadaizu,Jinghong Shi(景洪市),235,7106
Yunnan,Xishuangbannadaizu,Mengla Xian(勐腊县),406,3903
Yunnan,Dalibaizu,Yangbi Autonomous Xian(漾濞彝族自治县),210,1756
Yunnan,Dalibaizu,Dali Shi(大理市),118,7377
Yunnan,Dalibaizu,Xiangyun Xian(祥云县),292,8965
Yunnan,Dalibaizu,Binchuan Xian(宾川县),761,5987
Yunnan,Dalibaizu,Midu Xian(弥渡县),160,5312
Yunnan,Dalibaizu,Nanjian Yi Zizhixian(南涧彝族自治县),120,3435
Yunnan,Dalibaizu,Yongping Xian(永平县),175,3299
Yunnan,Dalibaizu,Yunlong Xian(云龙县),378,3423
Yunnan,Dalibaizu,Eryuan Xian(洱源县),180,5400
Yunnan,Dalibaizu,Jianchuan Xian(剑川县),91,2824
Yunnan,Dalibaizu,Heqing Xian(鹤庆县),129,4249
Yunnan,Lincangdiqu,Cangyuan Va Zizhixian(沧源佤族自治县),464,4823
Shanxi,Shangluodiqu,Shangnan Xian(商南县),70,2119
Shanxi,Shangluodiqu,Shanyang Xian(山阳县),210,3847
Shanxi,Shangluodiqu,Zhen'an Xian(镇安县),125,2455
Gansu,Lanzhou,Xigu Qu(西固区),50,3297
Gansu,Lanzhou,Chengguan Qu(城关区),25,7938
Gansu,Lanzhou,Qilihe Qu(七里河区),148,4876
Gansu,Lanzhou,Anning Qu(安宁区),46,1650
Gansu,Lanzhou,Honggu Qu(红古区),47,1593
Gansu,Lanzhou,Yongdeng Xian(永登县),295,6351
Gansu,Lanzhou,Gaolan Xian(皋兰县),92,2031
Gansu,Lanzhou,Yuzhong Xian(榆中县),199,5328
Gansu,Jiayuguan,Jiayuquan Shi (Urban Districts)(嘉峪关市辖区),14,1943
Gansu,Jinchang,Jinchuan Qu(金川区),78,2691
Gansu,Jinchang,Yongchang Xian(永昌县),208,3313
Gansu,Tianshui,Qingshui Xian(清水县),91,3971
Gansu,Tianshui,Zhangjiachuan Hui Zizhixian(张家川回族自治县),96,4721
Hebei,Chengde,Shuangqiao Qu(双桥区),11,2505
Hebei,Chengde,Yingshouyingzikuang Qu(鹰手营子矿区),6,675
Hebei,Cangzhou,Cang Xian(沧县),143,7725
Hebei,Cangzhou,Qing Xian(青县),77,4210
Hebei,Cangzhou,Dongguang Xian(东光县),77,3811
Hebei,Cangzhou,Haixing Xian(海兴县),83,2589
Hebei,Cangzhou,Yanshan Xian(盐山县),101,4550
Hebei,Cangzhou,Suning Xian(肃宁县),49,3475
Hebei,Cangzhou,Nanpi Xian(南皮县),73,3977
Hebei,Cangzhou,Wuqiao Xian(吴桥县),27,3088
Hebei,Cangzhou,Xian Xian(献县),205,6381
Hebei,Cangzhou,Mengcun Hui Zizhixian(孟村回族自治县),38,2253
Hebei,Cangzhou,Potou (Botou) Shi(泊头市),102,6550
Hebei,Cangzhou,Renqiu Shi(任丘市),190,8159
Hebei,Cangzhou,Huanghua Shi(黄骅市),72,6060
Hebei,Cangzhou,Hejian Shi(河间市),201,8981
Neimenggu,Huhehaote,Saihan Qu(赛罕区),73,4498
Neimenggu,Huhehaote,Tumote-Zuo Qi(土默特左旗),326,3892
Neimenggu,Huhehaote,Tuoketuo Xian(托克托县),153,2226
Neimenggu,Huhehaote,Horling'er Xian(和林格尔县),159,2008
Neimenggu,Huhehaote,Qingshuihe Xian(清水河县),61,1180
Neimenggu,Huhehaote,Wuchuan Xian(武川县),81,1485
Neimenggu,Baotou,Donghe Qu(东河区),184,4040
Neimenggu,Baotou,Kundulun Qu(昆都伦区),133,5446
Neimenggu,Baotou,Qinshan Qu(青山区),88,4009
Neimenggu,Baotou,Shiguai Qu(石拐区),11,340
Neimenggu,Baotou,Baiyunkuang Qu(白云矿区),6,288
Neimenggu,Baotou,Jiuyuan Qu(九原区),89,3226
Neimenggu,Baotou,Tumote-You Qi(土默特右旗),220,3527
Neimenggu,Baotou,Guyang Xian(固阳县),116,1931
Neimenggu,Wuhai,Haibowan Qu(海勃湾区),55,2300
Neimenggu,Wuhai,Wuda Qu(乌达区),34,1321
Jilin,Jilin,Fengman Qu(丰满区),280,2374
Jilin,Jilin,Changyi Qu(昌邑区),113,4451
Jilin,Jilin,Longtan Qu(龙潭区),528,5161
Jilin,Jilin,Chuanying Qu(船营区),71,3727
Jilin,Jilin,Yongji Xian(永吉县),76,4332
Jilin,Jilin,Jiaohe Shi(蛟河市),207,4867
Jilin,Jilin,Huadian Shi(桦甸市),60,3425
Jilin,Jilin,Shulan Shi(舒兰市),143,6273
Jilin,Siping,Tiexi Qu(铁西区),12,2445
Jilin,Siping,Tiedong Qu(铁东区),28,2758
Jilin,Siping,Lishu Xian(梨树县),126,8568
Jilin,Siping,Yitong Manchu Zizhixian(伊通满族自治县),51,4840
Jilin,Siping,Shuangliao Shi(双辽市),78,3769
Jilin,Siping,Gongzhuling Shi(公主岭市),63,7647
Jilin,Liaoyuan,Dongfeng Xian(东丰县),50,4192
Jilin,Liaoyuan,Dongliao Xian(东辽县),44,3719
Jiangsu,Taizhou,Hailing Qu(海陵区),19,3100
Jiangsu,Taizhou,Gaogang Qu(高港区),19,1553
Jiangsu,Suqian,Sucheng Qu(宿城区),23,2248
Jiangsu,Taizhou,Xinghua Shi(兴化市),177,11132
Jiangsu,Taizhou,Jingjiang Shi(靖江市),53,4949
Jiangsu,Taizhou,Taixing Shi(泰兴市),110,9920
Jiangsu,Taizhou,Jiangyan Shi(姜堰市),81,7148
Zhejiang,Taizhou,Jiaojiang Qu(椒江区),44,4989
Zhejiang,Taizhou,Huangyan Qu(黄岩区),63,5980
Zhejiang,Taizhou,Luqiao Qu(路桥区),69,5138
Zhejiang,Taizhou,Yuhuan Xian(玉环县),35,4647
Zhejiang,Taizhou,Sanmen Xian(三门县),50,3776
Zhejiang,Taizhou,Tiantai Xian(天台县),71,6121
Zhejiang,Taizhou,Xianju Xian(仙居县),74,6573
Zhejiang,Taizhou,Wenling Shi(温岭市),128,10468
Zhejiang,Taizhou,Linhai Shi(临海市),154,14140
Fujian,Xiamen,Gulangyu Qu(鼓浪屿区),,116
Fujian,Xiamen,Xinglin Qu(杏林区),8,1732
Fujian,Xiamen,Kaiyuan Qu(开元区),33,5223
Fujian,Xiamen,Huli Qu(湖里区),18,3899
Fujian,Putian,Chengxiang Qu(城厢区),16,2065
Fujian,Putian,Hanjiang Qu(涵江区),23,2046
Fujian,Putian,Putian Xian(莆田县),484,16149
Fujian,Putian,Xianyou Xian(仙游县),313,9798
Fujian,Sanming,Mingxi Xian(明溪县),16,1012
Fujian,Sanming,Qingliu Xian(清流县),46,1620
Fujian,Sanming,Datian Xian(大田县),144,3031
Fujian,Sanming,Youxi Xian(尤溪县),126,3509
Fujian,Sanming,Sha Xian(沙县),31,2869
Fujian,Sanming,Jiangle Xian(将乐县),20,1629
Fujian,Sanming,Taining Xian(泰宁县),19,1229
Fujian,Sanming,Jianning Xian(建宁县),31,1563
Fujian,Sanming,Yong'an Shi(永安市),48,3703
Shandong,Linyi,Tancheng Xian(郯城县),117,9326
Shandong,Linyi,Yishui Xian(沂水县),185,11582
Shandong,Linyi,Cangshan Xian(苍山县),209,11626
Shandong,Linyi,Fei Xian(费县),147,7966
Shandong,Linyi,Pingyi Xian(平邑县),154,10525
Shandong,Linyi,Junan Xian(莒南县),251,11941
Shandong,Linyi,Mengyin Xian(蒙阴县),98,6816
Shandong,Dezhou,Ling Xian(陵县),72,6442
Shandong,Linyi,Linshu Xian(临沭县),94,8037
Shandong,Dezhou,Decheng Qu(德城区),40,7498
Shandong,Dezhou,Ningjin Xian(宁津县),65,4971
Shandong,Dezhou,Qingyun Xian(庆云县),70,3251
Shandong,Dezhou,Linyi Xian(临邑县),77,6360
Shandong,Dezhou,Qihe Xian(齐河县),91,7601
Shandong,Dezhou,Pingyuan Xian(平原县),74,5670
Shandong,Dezhou,Xiajin Xian(夏津县),79,6524
Shandong,Dezhou,Wucheng Xian(武城县),66,4368
Hunan,Changsha,Furong Qu(芙蓉区),15,3044
Hunan,Changsha,Tianxin Qu(天心区),14,2910
Hunan,Changsha,Yuhua Qu(雨花区),68,3986
Hunan,Changsha,Changsha Xian(长沙县),111,7579
Hunan,Changsha,Wangcheng Xian(望城县),108,6708
Hunan,Changsha,Ningxiang Xian(宁乡县),278,16208
Hunan,Changsha,Liuyang Shi(浏阳市),194,14264
Hunan,Yiyang,Ziyang Qu(资阳区),51,4140
Hunan,Yiyang,Heshan Qu(赫山区),122,8094
Hunan,Yiyang,Nan Xian(南县),105,5901
Hunan,Yiyang,Taojiang Xian(桃江县),83,8771
Hunan,Yiyang,Anhua Xian(安化县),178,9203
Hunan,Yiyang,Yuanjiang Shi(沅江市),90,6016
Hunan,Yongzhou,Qiyang Xian(祁阳县),238,10666
Hunan,Yongzhou,Dong'an Xian(东安县),154,5663
Hunan,Yongzhou,Jianghua Yao Zizhixian(江华瑶族自治县),181,5193
Guangdong,Yunfu,Xinxing Xian(新兴县),71,5500
Guangdong,Yunfu,Yunan Xian(郁南县),99,4693
Guangdong,Yunfu,Yunnan Xian(云安县),87,2705
Guangdong,Yunfu,Luoding Shi(罗定市),268,11800
Guangxi,Qinzhou,Qinnan Qu(钦南区),171,7903
Guangxi,Qinzhou,Qinbei Qu(钦北区),511,9655
Guangxi,Guigang,Gangnan Qu(港南区),174,7250
Guangxi,Qinzhou,Lingshan Xian(灵山县),457,22663
Guangxi,Qinzhou,Pubei Xian(浦北县),317,12313
Guangxi,Guigang,Ganbei Qu(港北区),228,17514
Guangxi,Guigang,Pingnan Xian(平南县),241,19881
Guangxi,Guigang,Guiping Shi(桂平市),541,28776
Guangxi,Yulin,Yuzhou Qu(玉州区),397,12453
Guangxi,Yulin,Rong Xian(容县),214,10888
Guangxi,Yulin,Xingye Xian(兴业县),354,9159
Guangxi,Yulin,Beiliu Shi(北流市),332,17848
Sichuan,Yaan,Mingshan Xian(名山县),30,2173
Sichuan,Yaan,Yingjing Xian(荥经县),18,1306
Sichuan,Yaan,Hanyuan Xian(汉源县),46,3191
Sichuan,Yaan,Shimian Xian(石棉县),13,1387
Sichuan,Yaan,Tianquan Xian(天全县),17,1559
Sichuan,Yaan,Lushan Xian(芦山县),7,1733
Sichuan,Yaan,Baoxing Xian(宝兴县),9,733
Sichuan,Bazhong,Bazhou Qu(巴州区),623,16389
Sichuan,Bazhong,Tongjiang Xian(通江县),463,10313
Sichuan,Bazhong,Nanjiang Xian(南江县),599,9511
Sichuan,Bazhong,Pingchang Xian(平昌县),865,12673
Sichuan,Abacangzuqiangzu,Wenchuan Xian(汶川县),6,1097
Sichuan,Abacangzuqiangzu,Li Xian(理县),11,613
Sichuan,Abacangzuqiangzu,Songpan Xian(松潘县),21,956
Sichuan,Abacangzuqiangzu,Jiuzhaigou Xian(九寨沟县),9,798
Sichuan,Abacangzuqiangzu,Jinchuan Xian(金川县),23,1058
Yunnan,Lincangdiqu,Lincang Xian(临沧县),135,5221
Yunnan,Lincangdiqu,Fengqing Xian(凤庆县),202,5439
Yunnan,Lincangdiqu,Yun Xian(云县),361,7304
Yunnan,Lincangdiqu,Yongde Xian(永德县),645,6884
Yunnan,Lincangdiqu,Zhenkang Xian(镇康县),331,4743
Xicang,Lasa,Chengguan Qu(城关区),22,3008
Xicang,Lasa,Linzhou Xian(林周县),6,814
Xicang,Lasa,Dangxiong Xian(当雄县),15,782
Xicang,Lasa,Nimu Xian(尼木县),8,494
Xicang,Lasa,Qushui Xian(曲水县),18,545
Xicang,Lasa,Duilongdeqing Xian(堆龙德庆县),23,713
Xicang,Lasa,Dazi Xian(达孜县),13,429
Xicang,Lasa,Mozhugongka Xian(墨竹工卡县),23,656
Xicang,Changdudiqu,Mangkang Xian(芒康县),31,1557
Gansu,Baiyin,Baiyin Qu(白银区),106,2975
Gansu,Baiyin,Pingchuan Qu(平川区),138,2451
Gansu,Baiyin,Jingyuan Xian(靖远县),198,6593
Gansu,Baiyin,Huining Xian(会宁县),429,8241
Gansu,Baiyin,Jingtai Xian(景泰县),158,3032
Gansu,Tianshui,Qincheng Qu(秦城区),221,7996
Gansu,Tianshui,Beidao Qu(北道区),213,6743
Gansu,Tianshui,Qin'an Xian(秦安县),104,8125
Gansu,Tianshui,Gangu Xian(甘谷县),148,7916
Gansu,Tianshui,Wushan Xian(武山县),167,6154
Gansu,Jiuquandiqu,Yumen Shi(玉门市),41,2378
Gansu,Jiuquandiqu,Jiuquan Shi(酒泉市),81,4490
Gansu,Jiuquandiqu,Jinta Xian(金塔县),49,1927
Gansu,Jiuquandiqu,Subei Mongolian Zizhixian(肃北蒙古族自治县),,115
Gansu,Jiuquandiqu,Anxi Xian(安西县),38,1450